Region,Score
1,48
2,39
3,38
4,34
5,38
6,43
7,40
8,40
9,35
10,41
11,38
12,41
13,38
14,44
15,43
16,41
17,38
18,37
19,38
20,43
21,39
22,38
23,44
24,38
25,36
26,38
27,43
28,34
29,36
30,35
31,36
32,40
33,37
34,38
35,37
36,43
37,41
38,44
39,35
40,46
41,38
42,45
43,40
44,35
45,26
46,36
47,25
48,33
49,29
50,40
51,39
52,48
53,44
54,42
55,41
56,44
57,48
58,51
59,51
60,43
61,54
62,44
63,48
64,49
65,52
66,44
67,41
68,41
69,40
70,42
71,41
72,46
73,41
74,42
75,48
76,38
77,43
78,46
79,44
80,45
81,40
82,34
83,44
84,40
85,38
86,44
87,33
88,31
89,41
90,36
91,29
92,57
93,59
94,60
95,57
96,59
97,61
98,61
99,58
100,61
101,61
102,58
103,64
104,63
105,61
106,58
107,60
108,61
109,61
110,60
111,61
112,61
113,63
114,60
115,61
116,62
117,60
118,58
119,58
120,58
121,58
122,59
123,59
124,62
125,58
126,61
127,41
128,44
129,51
130,45
131,48
132,41
133,44
134,41
135,41
136,40
137,45
138,44
139,42
140,43
141,42
142,41
143,40
144,45
145,41
146,43
147,45
148,48
149,42
150,49
151,42
152,48
153,44
154,43
155,38
156,46
157,47
158,48
159,44
160,41
161,43
162,46
163,45
164,45
165,41
166,45
167,39
168,44
169,42
170,44
171,43
172,41
173,41
174,41
175,44
176,43
177,42
178,41
179,40
180,44
181,44
182,42
183,43
184,42
185,47
186,44
187,41
188,40
189,41
190,39
191,41
192,41
193,42
194,41
195,41
196,44
197,46
198,42
199,40
200,40
201,41
202,41
203,41
204,41
205,45
206,40
207,31
208,47
209,30
210,30
211,29
212,29
213,44
214,42
215,41
216,45
217,43
218,31
219,34
220,31
221,38
222,43
223,42
224,40
225,44
226,44
227,44
228,53
229,53
230,58
231,46
232,46
233,48
234,55
235,51
236,53
237,51
238,39
239,48
240,48
241,48
242,48
243,46
244,45
245,48
246,45
247,47
248,50
249,38
250,30
251,28
252,30
253,28
254,31
255,30
256,37
257,31
258,29
259,31
260,42
261,32
262,30
263,29
264,45
265,33
266,40
267,37
268,34
269,47
270,31
271,32
272,31
273,31
274,31
275,30
276,29
277,31
278,30
279,35
280,29
281,30
282,30
283,29
284,32
285,31
286,29
287,30
288,30
289,47
290,43
291,44
292,44
293,40
294,41
295,48
296,45
297,48
298,47
299,45
300,50
301,46
302,43
303,46
304,51
305,51
306,48
307,50
308,53
309,52
310,50
311,53
312,50
313,53
314,51
315,58
316,50
317,42
318,39
319,41
320,35
321,32
322,33
323,33
324,34
325,33
326,34
327,34
328,33
329,34
330,33
331,35
332,34
333,35
334,44
335,56
336,47
337,42
338,57
339,50
340,46
341,44
342,44
343,44
344,43
345,43
346,43
347,47
348,47
349,26
350,40
351,44
352,43
353,48
354,41
355,45
356,27
357,44
358,38
359,44
360,38
361,43
362,25
363,38
364,39
365,38
366,27
367,38
368,36
369,39
370,38
371,37
372,35
373,38
374,38
375,25
376,38
377,44
378,25
379,27
380,25
381,19
382,44
383,41
384,25
385,39
386,41
387,40
388,26
389,43
390,44
391,40
392,26
393,25
394,24
395,27
396,31
397,24
398,30
399,25
400,27
401,34
402,38
403,43
404,45
405,44
406,40
407,44
408,46
409,40
410,39
411,50
412,45
413,44
414,41
415,64
416,62
417,67
418,61
419,30
420,53
421,63
422,60
423,65
424,60
425,38
426,66
427,59
428,61
429,63
430,59
431,34
432,61
433,29
434,35
435,31
436,33
437,64
438,61
439,53
440,25
441,26
442,28
443,28
444,35
445,31
446,47
447,28
448,27
449,27
450,27
451,61
452,65
453,61
454,61
455,60
456,61
457,62
458,59
459,60
460,62
461,60
462,60
463,59
464,61
465,61
466,66
467,67
468,68
469,64
470,64
471,62
472,68
473,58
474,61
475,61
476,65
477,61
478,66
479,62
480,61
481,34
482,35
483,32
484,45
485,36
486,31
487,34
488,32
489,32
490,26
491,35
492,33
493,33
494,34
495,36
496,35
497,36
498,37
499,32
500,35
501,35
502,36
503,35
504,35
505,38
506,37
507,36
508,35
509,37
510,32
511,34
512,38
513,38
514,34
515,34
516,34
517,42
518,35
519,36
520,36
521,53
522,51
523,50
524,34
525,31
526,36
527,50
528,31
529,31
530,31
531,45
532,36
533,34
534,38
535,38
536,33
537,59
538,56
539,63
540,55
541,54
542,62
543,34
544,56
545,55
546,41
547,39
548,38
549,40
550,31
551,31
552,34
553,35
554,38
555,31
556,32
557,32
558,36
559,34
560,34
561,34
562,53
563,41
564,35
565,33
566,31
567,42
568,40
569,37
570,38
571,37
572,37
573,31
574,30
575,35
576,31
577,32
578,32
579,30
580,39
581,34
582,32
583,31
584,31
585,31
586,35
587,36
588,38
589,33
590,32
591,36
592,31
593,34
594,34
595,33
596,31
597,41
598,42
599,28
600,33
601,35
602,33
603,36
604,35
605,43
606,45
607,45
608,41
609,44
610,44
611,41
612,40
613,43
614,42
615,42
616,45
617,49
618,42
619,44
620,44
621,41
622,42
623,40
624,41
625,40
626,41
627,41
628,41
629,51
630,70
631,75
632,43
633,75
634,78
635,33
636,71
637,70
638,74
639,38
640,43
641,42
642,34
643,35
644,36
645,35
646,31
647,31
648,32
649,31
650,34
651,33
652,33
653,31
654,31
655,33
656,32
657,30
658,51
659,32
660,36
661,29
662,34
663,34
664,34
665,34
666,33
667,35
668,32
669,29
670,31
671,33
672,29
673,31
674,31
675,31
676,31
677,31
678,36
679,35
680,31
681,31
682,30
683,28
684,28
685,32
686,31
687,35
688,33
689,31
690,31
691,32
692,37
693,36
694,29
695,31
696,30
697,34
698,32
699,28
700,30
701,33
702,33
703,31
704,38
705,37
706,34
707,46
708,43
709,42
710,42
711,44
712,24
713,45
714,44
715,42
716,26
717,44
718,42
719,44
720,24
721,43
722,44
723,39
724,46
725,26
726,42
727,42
728,41
729,27
730,44
731,41
732,41
733,44
734,27
735,41
736,43
737,43
738,28
739,44
740,44
741,27
742,24
743,40
744,38
745,32
746,34
747,24
748,35
749,35
750,34
751,32
752,34
753,32
754,30
755,36
756,23
757,32
758,35
759,33
760,32
761,24
762,34
763,33
764,24
765,33
766,34
767,35
768,32
769,26
770,38
771,34
772,27
773,34
774,33
775,36
776,35
777,28
778,23
779,24
780,24
781,24
782,28
783,27
784,28
785,26
786,31
787,26
788,25
789,43
790,44
791,42
792,48
793,42
794,45
795,43
796,46
797,37
798,36
799,37
800,38
801,35
802,35
803,32
804,36
805,28
806,28
807,26
808,26
809,24
810,28
811,27
812,31
813,26
814,29
815,26
816,24
817,28
818,24
819,22
820,30
821,25
822,28
823,25
824,30
825,25
826,28
827,35
828,30
829,30
830,26
831,32
832,26
833,65
834,66
835,26
836,27
837,28
838,28
839,27
840,22
841,23
842,26
843,25
844,26
845,31
846,25
847,24
848,26
849,27
850,28
851,31
852,31
853,32
854,31
855,28
856,31
857,28
858,27
859,25
860,33
861,32
862,33
863,30
864,26
865,26
866,30
867,28
868,30
869,30
870,26
871,30
872,32
873,26
874,28
875,32
876,26
877,29
878,25
879,28
880,29
881,25
882,29
883,29
884,28
885,31
886,30
887,40
888,40
889,27
890,41
891,21
892,28
893,33
894,31
895,31
896,31
897,30
898,23
899,23
900,24
901,24
902,27
903,31
904,32
905,32
906,30
907,28
908,22
909,30
910,29
911,31
912,33
913,24
914,32
915,29
916,31
917,30
918,32
919,32
920,32
921,33
922,28
923,29
924,31
925,29
926,33
927,27
928,24
929,25
930,24
931,30
932,29
933,28
934,28
935,23
936,22
937,20
938,28
939,26
940,26
941,24
942,27
943,30
944,25
945,28
946,26
947,29
948,27
949,23
950,25
951,26
952,25
953,25
954,24
955,28
956,32
957,25
958,26
959,25
960,27
961,25
962,29
963,28
964,31
965,26
966,27
967,31
968,20
969,47
970,42
971,43
972,44
973,39
974,41
975,41
976,46
977,45
978,47
979,49
980,43
981,45
982,43
983,39
984,39
985,40
986,38
987,37
988,37
989,39
990,39
991,42
992,41
993,46
994,42
995,39
996,40
997,39
998,39
999,47
1000,44
1001,49
1002,52
1003,42
1004,44
1005,44
1006,43
1007,37
1008,38
1009,38
1010,38
1011,51
1012,48
1013,44
1014,48
1015,50
1016,44
1017,44
1018,46
1019,45
1020,45
1021,48
1022,42
1023,44
1024,41
1025,45
1026,43
1027,42
1028,47
1029,44
1030,51
1031,51
1032,39
1033,56
1034,55
1035,68
1036,69
1037,50
1038,68
1039,71
1040,44
1041,44
1042,53
1043,45
1044,44
1045,47
1046,45
1047,51
1048,44
1049,48
1050,46
1051,46
1052,47
1053,49
1054,45
1055,46
1056,42
1057,48
1058,48
1059,45
1060,46
1061,47
1062,47
1063,46
1064,45
1065,47
1066,47
1067,48
1068,48
1069,45
1070,47
1071,46
1072,45
1073,48
1074,41
1075,46
1076,47
1077,38
1078,44
1079,44
1080,44
1081,44
1082,45
1083,49
1084,47
1085,50
1086,51
1087,48
1088,48
1089,48
1090,51
1091,43
1092,50
1093,44
1094,43
1095,28
1096,47
1097,35
1098,40
1099,41
1100,36
1101,36
1102,35
1103,41
1104,34
1105,36
1106,38
1107,35
1108,36
1109,35
1110,35
1111,34
1112,38
1113,33
1114,38
1115,35
1116,35
1117,38
1118,36
1119,38
1120,38
1121,37
1122,37
1123,35
1124,34
1125,34
1126,31
1127,38
1128,34
1129,34
1130,32
1131,30
1132,32
1133,29
1134,32
1135,33
1136,34
1137,31
1138,34
1139,36
1140,32
1141,34
1142,41
1143,33
1144,34
1145,35
1146,33
1147,31
1148,32
1149,31
1150,33
1151,35
1152,34
1153,34
1154,35
1155,34
1156,36
1157,32
1158,34
1159,35
1160,34
1161,35
1162,34
1163,36
1164,34
1165,37
1166,35
1167,32
1168,37
1169,36
1170,34
1171,38
1172,34
1173,35
1174,37
1175,31
1176,34
1177,31
1178,28
1179,31
1180,29
1181,29
1182,28
1183,30
1184,34
1185,36
1186,37
1187,34
1188,37
1189,35
1190,31
1191,31
1192,29
1193,32
1194,30
1195,38
1196,29
1197,27
1198,28
1199,31
1200,27
1201,30
1202,30
1203,33
1204,28
1205,30
1206,31
1207,30
1208,34
1209,34
1210,34
1211,30
1212,31
1213,29
1214,29
1215,31
1216,30
1217,32
1218,31
1219,30
1220,29
1221,35
1222,32
1223,49
1224,39
1225,34
1226,33
1227,40
1228,38
1229,39
1230,41
1231,41
1232,40
1233,43
1234,40
1235,39
1236,29
1237,30
1238,32
1239,31
1240,31
1241,31
1242,38
1243,35
1244,31
1245,28
1246,33
1247,35
1248,33
1249,31
1250,29
1251,30
1252,35
1253,30
1254,34
1255,35
1256,36
1257,31
1258,34
1259,34
1260,34
1261,31
1262,35
1263,36
1264,30
1265,29
1266,31
1267,33
1268,32
1269,31
1270,41
1271,31
1272,33
1273,28
1274,31
1275,30
1276,31
1277,33
1278,36
1279,30
1280,35
1281,34
1282,38
1283,39
1284,33
1285,31
1286,33
1287,34
1288,37
1289,38
1290,35
1291,24
1292,38
1293,34
1294,33
1295,30
1296,35
1297,38
1298,30
1299,32
1300,34
1301,30
1302,45
1303,32
1304,38
1305,36
1306,31
1307,31
1308,36
1309,32
1310,39
1311,30
1312,34
1313,28
1314,36
1315,26
1316,45
1317,38
1318,29
1319,31
1320,33
1321,31
1322,37
1323,33
1324,34
1325,29
1326,34
1327,31
1328,29
1329,35
1330,28
1331,29
1332,32
1333,31
1334,44
1335,33
1336,37
1337,37
1338,35
1339,32
1340,35
1341,27
1342,31
1343,33
1344,32
1345,37
1346,31
1347,29
1348,30
1349,34
1350,31
1351,36
1352,31
1353,28
1354,38
1355,32
1356,34
1357,36
1358,36
1359,30
1360,38
1361,28
1362,35
1363,34
1364,34
1365,34
1366,37
1367,33
1368,34
1369,33
1370,33
1371,36
1372,33
1373,38
1374,48
1375,41
1376,40
1377,39
1378,42
1379,40
1380,37
1381,37
1382,40
1383,31
1384,38
1385,41
1386,35
1387,38
1388,41
1389,37
1390,42
1391,41
1392,40
1393,40
1394,31
1395,46
1396,39
1397,40
1398,41
1399,40
1400,41
1401,40
1402,29
1403,28
1404,28
1405,30
1406,33
1407,31
1408,32
1409,33
1410,30
1411,70
1412,66
1413,70
1414,71
1415,70
1416,65
1417,71
1418,69
1419,68
1420,73
1421,73
1422,73
1423,65
1424,72
1425,75
1426,73
1427,72
1428,71
1429,74
1430,68
1431,71
1432,69
1433,70
1434,71
1435,65
1436,67
1437,69
1438,69
1439,67
1440,66
1441,67
1442,67
1443,66
1444,65
1445,66
1446,61
1447,66
1448,68
1449,70
1450,67
1451,62
1452,60
1453,62
1454,62
1455,71
1456,69
1457,65
1458,67
1459,70
1460,68
1461,68
1462,68
1463,70
1464,68
1465,68
1466,68
1467,68
1468,71
1469,68
1470,72
1471,74
1472,75
1473,75
1474,72
1475,72
1476,69
1477,65
1478,63
1479,65
1480,67
1481,66
1482,70
1483,67
1484,65
1485,64
1486,65
1487,68
1488,66
1489,67
1490,67
1491,66
1492,68
1493,44
1494,45
1495,45
1496,47
1497,59
1498,44
1499,45
1500,64
1501,58
1502,66
1503,63
1504,65
1505,63
1506,60
1507,61
1508,68
1509,60
1510,64
1511,62
1512,58
1513,66
1514,61
1515,60
1516,64
1517,60
1518,62
1519,66
1520,64
1521,68
1522,64
1523,61
1524,65
1525,66
1526,65
1527,63
1528,66
1529,63
1530,62
1531,65
1532,68
1533,68
1534,64
1535,63
1536,65
1537,64
1538,68
1539,68
1540,48
1541,39
1542,61
1543,53
1544,68
1545,66
1546,65
1547,53
1548,65
1549,67
1550,64
1551,66
1552,25
1553,25
1554,27
1555,24
1556,26
1557,27
1558,25
1559,25
1560,26
1561,28
1562,26
1563,26
1564,25
1565,28
1566,25
1567,58
1568,67
1569,69
1570,66
1571,24
1572,24
1573,27
1574,24
1575,33
1576,27
1577,45
1578,65
1579,26
1580,26
1581,24
1582,28
1583,24
1584,28
1585,28
1586,26
1587,59
1588,58
1589,58
1590,59
1591,56
1592,55
1593,56
1594,57
1595,68
1596,60
1597,53
1598,56
1599,61
1600,58
1601,61
1602,59
1603,56
1604,56
1605,56
1606,57
1607,62
1608,61
1609,57
1610,57
1611,55
1612,56
1613,59
1614,54
1615,56
1616,56
1617,56
1618,58
1619,56
1620,59
1621,61
1622,53
1623,56
1624,59
1625,59
1626,62
1627,59
1628,61
1629,60
1630,59
1631,63
1632,60
1633,58
1634,61
1635,61
1636,61
1637,63
1638,63
1639,59
1640,60
1641,61
1642,61
1643,59
1644,61
1645,59
1646,61
1647,53
1648,60
1649,56
1650,54
1651,55
1652,55
1653,55
1654,57
1655,51
1656,50
1657,51
1658,49
1659,20
1660,49
1661,50
1662,50
1663,28
1664,51
1665,49
1666,48
1667,25
1668,49
1669,44
1670,26
1671,25
1672,25
1673,48
1674,50
1675,49
1676,48
1677,29
1678,49
1679,51
1680,51
1681,28
1682,51
1683,51
1684,51
1685,26
1686,30
1687,27
1688,48
1689,48
1690,49
1691,32
1692,53
1693,48
1694,52
1695,50
1696,24
1697,52
1698,31
1699,51
1700,48
1701,52
1702,28
1703,51
1704,58
1705,54
1706,53
1707,30
1708,57
1709,55
1710,52
1711,55
1712,56
1713,52
1714,51
1715,33
1716,54
1717,53
1718,51
1719,50
1720,53
1721,51
1722,27
1723,29
1724,29
1725,31
1726,28
1727,30
1728,29
1729,26
1730,27
1731,28
1732,27
1733,31
1734,29
1735,36
1736,48
1737,50
1738,53
1739,52
1740,51
1741,52
1742,51
1743,50
1744,38
1745,39
1746,39
1747,38
1748,38
1749,36
1750,34
1751,37
1752,39
1753,39
1754,39
1755,35
1756,35
1757,39
1758,34
1759,39
1760,38
1761,36
1762,35
1763,39
1764,50
1765,40
1766,40
1767,38
1768,40
1769,41
1770,40
1771,41
1772,41
1773,36
1774,37
1775,37
1776,36
1777,41
1778,40
1779,37
1780,38
1781,38
1782,39
1783,37
1784,39
1785,68
1786,67
1787,69
1788,69
1789,66
1790,68
1791,72
1792,72
1793,68
1794,68
1795,69
1796,68
1797,58
1798,70
1799,72
1800,28
1801,27
1802,26
1803,28
1804,70
1805,24
1806,27
1807,24
1808,27
1809,24
1810,27
1811,24
1812,27
1813,26
1814,61
1815,71
1816,67
1817,67
1818,71
1819,69
1820,70
1821,72
1822,28
1823,50
1824,28
1825,32
1826,30
1827,33
1828,26
1829,25
1830,25
1831,28
1832,28
1833,70
1834,44
1835,42
1836,38
1837,28
1838,41
1839,35
1840,39
1841,40
1842,33
1843,37
1844,42
1845,33
1846,38
1847,42
1848,36
1849,36
1850,30
1851,39
1852,35
1853,30
1854,31
1855,62
1856,37
1857,28
1858,32
1859,40
1860,31
1861,36
1862,44
1863,37
1864,36
1865,41
1866,39
1867,35
1868,35
1869,36
1870,39
1871,38
1872,35
1873,42
1874,38
1875,44
1876,43
1877,31
1878,46
1879,47
1880,46
1881,45
1882,25
1883,48
1884,48
1885,50
1886,33
1887,55
1888,53
1889,51
1890,54
1891,48
1892,51
1893,52
1894,53
1895,52
1896,31
1897,28
1898,51
1899,28
1900,31
1901,32
1902,31
1903,30
1904,30
1905,49
1906,31
1907,31
1908,32
1909,34
1910,28
1911,30
1912,28
1913,29
1914,42
1915,45
1916,28
1917,28
1918,34
1919,34
1920,48
1921,48
1922,47
1923,50
1924,51
1925,49
1926,51
1927,50
1928,54
1929,51
1930,49
1931,50
1932,49
1933,51
1934,49
1935,49
1936,47
1937,50
1938,50
1939,48
1940,52
1941,52
1942,55
1943,49
1944,48
1945,50
1946,52
1947,52
1948,34
1949,32
1950,50
1951,50
1952,50
1953,48
1954,49
1955,52
1956,49
1957,49
1958,49
1959,54
1960,41
1961,40
1962,37
1963,37
1964,41
1965,39
1966,43
1967,42
1968,64
1969,38
1970,46
1971,39
1972,35
1973,35
1974,46
1975,34
1976,41
1977,44
1978,42
1979,38
1980,34
1981,36
1982,37
1983,39
1984,29
1985,31
1986,29
1987,35
1988,31
1989,34
1990,37
1991,38
1992,34
1993,44
1994,41
1995,39
1996,43
1997,41
1998,43
1999,40
2000,41
2001,38
2002,38
2003,43
2004,45
2005,35
2006,37
2007,39
2008,34
2009,35
2010,36
2011,35
2012,44
2013,40
2014,38
2015,41
2016,41
2017,43
2018,45
2019,41
2020,40
2021,44
2022,45
2023,41
2024,44
2025,41
2026,39
2027,39
2028,41
2029,41
2030,38
2031,43
2032,42
2033,45
2034,47
2035,46
2036,48
2037,26
2038,45
2039,53
2040,24
2041,35
2042,38
2043,39
2044,28
2045,35
2046,34
2047,47
2048,45
2049,44
2050,25
2051,35
2052,37
2053,35
2054,34
2055,36
2056,28
2057,39
2058,34
2059,35
2060,39
2061,38
2062,34
2063,36
2064,41
2065,23
2066,33
2067,44
2068,23
2069,22
2070,26
2071,28
2072,24
2073,33
2074,33
2075,36
2076,37
2077,35
2078,34
2079,49
2080,58
2081,54
2082,54
2083,48
2084,48
2085,49
2086,54
2087,41
2088,52
2089,54
2090,44
2091,44
2092,55
2093,48
2094,49
2095,34
2096,37
2097,47
2098,39
2099,39
2100,36
2101,36
2102,34
2103,37
2104,35
2105,53
2106,35
2107,37
2108,38
2109,42
2110,44
2111,37
2112,31
2113,31
2114,32
2115,38
2116,34
2117,33
2118,32
2119,36
2120,35
2121,34
2122,37
2123,35
2124,32
2125,32
2126,34
2127,30
2128,36
2129,50
2130,48
2131,48
2132,41
2133,49
2134,49
2135,51
2136,51
2137,51
2138,49
2139,37
2140,40
2141,36
2142,40
2143,28
2144,30
2145,25
2146,39
2147,30
2148,29
2149,28
2150,30
2151,37
2152,30
2153,32
2154,33
2155,28
2156,28
2157,37
2158,26
2159,28
2160,31
2161,34
2162,44
2163,31
2164,30
2165,42
2166,31
2167,39
2168,33
2169,36
2170,25
2171,28
2172,31
2173,37
2174,37
2175,37
2176,37
2177,38
2178,35
2179,34
2180,34
2181,38
2182,34
2183,36
2184,34
2185,36
2186,37
2187,38
2188,36
2189,36
2190,41
2191,38
2192,38
2193,36
2194,41
2195,42
2196,39
2197,41
2198,37
2199,41
2200,41
2201,47
2202,41
2203,34
2204,45
2205,40
2206,37
2207,35
2208,38
2209,37
2210,39
2211,36
2212,35
2213,34
2214,33
2215,33
2216,36
2217,38
2218,34
2219,35
2220,32
2221,34
2222,34
2223,35
2224,37
2225,41
2226,41
2227,33
2228,44
2229,44
2230,45
2231,46
2232,27
2233,46
2234,45
2235,44
2236,30
2237,46
2238,46
2239,39
2240,28
2241,46
2242,47
2243,47
2244,32
2245,44
2246,38
2247,53
2248,28
2249,29
2250,30
2251,29
2252,30
2253,31
2254,30
2255,49
2256,29
2257,31
2258,33
2259,29
2260,27
2261,28
2262,28
2263,28
2264,32
2265,33
2266,29
2267,35
2268,55
2269,57
2270,31
2271,35
2272,29
2273,30
2274,28
2275,43
2276,33
2277,36
2278,40
2279,26
2280,23
2281,24
2282,29
2283,28
2284,24
2285,27
2286,22
2287,26
2288,34
2289,24
2290,26
2291,22
2292,26
2293,24
2294,22
2295,23
2296,35
2297,21
2298,25
2299,24
2300,20
2301,27
2302,27
2303,31
2304,29
2305,24
2306,25
2307,23
2308,30
2309,24
2310,25
2311,24
2312,24
2313,24
2314,23
2315,30
2316,24
2317,25
2318,25
2319,22
2320,28
2321,24
2322,25
2323,39
2324,30
2325,28
2326,24
2327,25
2328,24
2329,28
2330,23
2331,26
2332,27
2333,24
2334,23
2335,24
2336,30
2337,28
2338,27
2339,25
2340,30
2341,25
2342,24
2343,25
2344,23
2345,23
2346,26
2347,31
2348,28
2349,25
2350,27
2351,22
2352,25
2353,24
2354,21
2355,23
2356,23
2357,24
2358,23
2359,34
2360,32
2361,24
2362,20
2363,34
2364,20
2365,13
2366,21
2367,33
2368,39
2369,21
2370,21
2371,22
2372,20
2373,25
2374,46
2375,20
2376,25
2377,24
2378,25
2379,24
2380,21
2381,24
2382,14
2383,25
2384,22
2385,30
2386,30
2387,24
2388,41
2389,17
2390,13
2391,22
2392,27
2393,32
2394,29
2395,22
2396,28
2397,35
2398,14
2399,31
2400,47
2401,21
2402,25
2403,28
2404,17
2405,41
2406,42
2407,46
2408,39
2409,34
2410,37
2411,38
2412,34
2413,35
2414,44
2415,39
2416,43
2417,44
2418,46
2419,41
2420,41
2421,44
2422,43
2423,42
2424,41
2425,39
2426,39
2427,36
2428,42
2429,30
2430,39
2431,34
2432,36
2433,39
2434,42
2435,42
2436,39
2437,43
2438,39
2439,24
2440,37
2441,34
2442,25
2443,47
2444,41
2445,28
2446,38
2447,37
2448,28
2449,34
2450,30
2451,30
2452,32
2453,40
2454,31
2455,42
2456,36
2457,28
2458,31
2459,30
2460,30
2461,37
2462,37
2463,41
2464,41
2465,31
2466,29
2467,31
2468,35
2469,37
2470,31
2471,43
2472,40
2473,41
2474,31
2475,44
2476,33
2477,41
2478,35
2479,39
2480,34
2481,25
2482,33
2483,50
2484,31
2485,32
2486,43
2487,28
2488,40
2489,41
2490,39
2491,28
2492,41
2493,39
2494,33
2495,42
2496,42
2497,41
2498,44
2499,49
2500,46
2501,47
2502,41
2503,43
2504,42
2505,44
2506,44
2507,38
2508,38
2509,36
2510,38
2511,37
2512,41
2513,38
2514,39
2515,41
2516,38
2517,37
2518,40
2519,39
2520,41
2521,40
2522,42
2523,41
2524,40
2525,38
2526,45
2527,36
2528,38
2529,37
2530,35
2531,39
2532,34
2533,35
2534,39
2535,41
2536,38
2537,61
2538,61
2539,28
2540,61
2541,60
2542,61
2543,31
2544,28
2545,27
2546,25
2547,28
2548,29
2549,28
2550,26
2551,29
2552,28
2553,29
2554,27
2555,31
2556,27
2557,30
2558,31
2559,27
2560,31
2561,31
2562,28
2563,62
2564,60
2565,61
2566,60
2567,60
2568,59
2569,60
2570,58
2571,59
2572,54
2573,58
2574,68
2575,69
2576,68
2577,41
2578,39
2579,37
2580,37
2581,42
2582,36
2583,44
2584,48
2585,44
2586,41
2587,42
2588,41
2589,37
2590,44
2591,41
2592,45
2593,34
2594,41
2595,44
2596,38
2597,41
2598,44
2599,38
2600,42
2601,38
2602,41
2603,38
2604,39
2605,35
2606,37
2607,39
2608,48
2609,44
2610,52
2611,37
2612,38
2613,40
2614,38
2615,41
2616,38
2617,33
2618,36
2619,24
2620,25
2621,28
2622,40
2623,39
2624,35
2625,36
2626,40
2627,35
2628,38
2629,41
2630,33
2631,38
2632,34
2633,37
2634,37
2635,34
2636,35
2637,31
2638,35
2639,33
2640,36
2641,38
2642,35
2643,32
2644,37
2645,37
2646,39
2647,41
2648,36
2649,36
2650,34
2651,35
2652,35
2653,36
2654,34
2655,31
2656,29
2657,38
2658,36
2659,36
2660,39
2661,39
2662,35
2663,38
2664,37
2665,35
2666,41
2667,40
2668,40
2669,40
2670,38
2671,37
2672,43
2673,40
2674,42
2675,39
2676,39
2677,36
2678,41
2679,34
2680,40
2681,40
2682,44
2683,39
2684,34
2685,34
2686,38
2687,39
2688,43
2689,37
2690,41
2691,32
2692,52
2693,36
2694,39
2695,35
2696,44
2697,39
2698,35
2699,42
2700,38
2701,42
2702,45
2703,38
2704,30
2705,38
2706,37
2707,41
2708,34
2709,40
2710,42
2711,44
2712,45
2713,39
2714,41
2715,47
2716,42
2717,39
2718,42
2719,41
2720,41
2721,40
2722,48
2723,37
2724,41
2725,41
2726,28
2727,24
2728,27
2729,27
2730,28
2731,27
2732,28
2733,57
2734,29
2735,29
2736,28
2737,27
2738,25
2739,24
2740,26
2741,37
2742,44
2743,59
2744,36
2745,57
2746,57
2747,58
2748,56
2749,62
2750,60
2751,56
2752,58
2753,57
2754,61
2755,59
2756,59
2757,60
2758,62
2759,64
2760,67
2761,61
2762,60
2763,59
2764,61
2765,72
2766,64
2767,66
2768,58
2769,65
2770,62
2771,68
2772,62
2773,61
2774,61
2775,58
2776,62
2777,56
2778,58
2779,63
2780,65
2781,61
2782,61
2783,65
2784,56
2785,64
2786,69
2787,62
2788,61
2789,60
2790,68
2791,61
2792,71
2793,88
2794,57
2795,59
2796,57
2797,58
2798,55
2799,63
2800,56
2801,65
2802,60
2803,60
2804,61
2805,59
2806,62
2807,64
2808,63
2809,59
2810,64
2811,62
2812,58
2813,58
2814,59
2815,66
2816,61
2817,61
2818,58
2819,57
2820,61
2821,59
2822,71
2823,58
2824,60
2825,62
2826,59
2827,59
2828,58
2829,56
2830,61
2831,65
2832,62
2833,58
2834,63
2835,61
2836,59
2837,62
2838,59
2839,55
2840,59
2841,65
2842,56
2843,62
2844,58
2845,56
2846,59
2847,61
2848,61
2849,60
2850,56
2851,59
2852,57
2853,63
2854,60
2855,61
2856,52
2857,55
2858,49
2859,51
2860,51
2861,51
2862,53
2863,48
2864,52
2865,58
2866,54
2867,53
2868,53
2869,54
2870,58
2871,51
2872,48
2873,53
2874,48
2875,51
2876,55
2877,53
2878,51
2879,53
2880,55
2881,56
2882,61
2883,59
2884,58
2885,58
2886,61
2887,58
2888,68
2889,62
2890,60
2891,61
2892,63
2893,60
2894,58
2895,57
2896,59
2897,59
2898,58
2899,58
2900,58
2901,59
2902,60
2903,60
2904,65
2905,61
2906,62
2907,61
2908,65
2909,61
2910,59
2911,63
2912,57
2913,56
2914,54
2915,69
2916,55
2917,55
2918,53
2919,51
2920,55
2921,53
2922,50
2923,52
2924,50
2925,46
2926,49
2927,52
2928,46
2929,51
2930,50
2931,51
2932,47
2933,45
2934,44
2935,44
2936,44
2937,44
2938,43
2939,47
2940,40
2941,40
2942,36
2943,42
2944,39
2945,36
2946,37
2947,42
2948,40
2949,34
2950,44
2951,37
2952,37
2953,43
2954,39
2955,39
2956,38
2957,43
2958,38
2959,39
2960,40
2961,39
2962,43
2963,40
2964,42
2965,51
2966,45
2967,43
2968,42
2969,39
2970,44
2971,44
2972,44
2973,43
2974,36
2975,41
2976,39
2977,39
2978,38
2979,38
2980,41
2981,40
2982,39
2983,41
2984,38
2985,40
2986,41
2987,40
2988,40
2989,46
2990,46
2991,44
2992,41
2993,43
2994,34
2995,39
2996,41
2997,40
2998,44
2999,40
3000,42
3001,38
3002,39
3003,49
3004,43
3005,41
3006,44
3007,40
3008,42
3009,41
3010,37
3011,43
3012,41
3013,46
3014,43
3015,36
3016,48
3017,50
3018,48
3019,49
3020,45
3021,40
3022,49
3023,52
3024,55
3025,36
3026,43
3027,36
3028,39
3029,38
3030,39
3031,37
3032,40
3033,33
3034,39
3035,43
3036,36
3037,42
3038,36
3039,62
3040,66
3041,64
3042,67
3043,69
3044,63
3045,68
3046,70
3047,66
3048,68
3049,68
3050,64
3051,63
3052,68
3053,65
3054,68
3055,68
3056,68
3057,69
3058,68
3059,70
3060,70
3061,69
3062,62
3063,67
3064,71
3065,66
3066,68
3067,68
3068,69
3069,69
3070,68
3071,71
3072,68
3073,64
3074,68
3075,68
3076,68
3077,65
3078,65
3079,68
3080,69
3081,68
3082,65
3083,66
3084,65
3085,66
3086,66
3087,71
3088,69
3089,70
3090,65
3091,62
3092,63
3093,67
3094,48
3095,61
3096,51
3097,45
3098,64
3099,44
3100,43
3101,67
3102,61
3103,69
3104,51
3105,62
3106,73
3107,67
3108,71
3109,66
3110,71
3111,67
3112,72
3113,70
3114,69
3115,71
3116,69
3117,66
3118,68
3119,65
3120,73
3121,69
3122,66
3123,27
3124,27
3125,25
3126,69
3127,69
3128,69
3129,78
3130,68
3131,66
3132,68
3133,70
3134,65
3135,69
3136,67
3137,69
3138,70
3139,68
3140,68
3141,65
3142,64
3143,65
3144,67
3145,68
3146,65
3147,63
3148,64
3149,65
3150,24
3151,25
3152,24
3153,25
3154,23
3155,24
3156,26
3157,23
3158,23
3159,25
3160,25
3161,23
3162,24
3163,26
3164,21
3165,26
3166,24
3167,24
3168,25
3169,28
3170,30
3171,31
3172,30
3173,28
3174,26
3175,31
3176,26
3177,26
3178,27
3179,30
3180,39
3181,50
3182,27
3183,26
3184,26
3185,26
3186,26
3187,26
3188,24
3189,28
3190,28
3191,28
3192,23
3193,22
3194,25
3195,26
3196,29
3197,44
3198,33
3199,34
3200,34
3201,33
3202,34
3203,36
3204,37
3205,34
3206,34
3207,35
3208,32
3209,33
3210,38
3211,33
3212,36
3213,33
3214,34
3215,34
3216,33
3217,34
3218,37
3219,33
3220,40
3221,26
3222,36
3223,37
3224,36
3225,32
3226,40
3227,33
3228,37
3229,36
3230,33
3231,51
3232,50
3233,52
3234,47
3235,49
3236,52
3237,50
3238,53
3239,55
3240,63
3241,58
3242,54
3243,54
3244,51
3245,49
3246,53
3247,52
3248,49
3249,44
3250,51
3251,55
3252,49
3253,49
3254,52
3255,47
3256,62
3257,50
3258,48
3259,61
3260,52
3261,47
3262,61
3263,47
3264,48
3265,48
3266,50
3267,52
3268,48
3269,48
3270,50
3271,49
3272,53
3273,49
3274,67
3275,52
3276,51
3277,42
3278,45
3279,46
3280,41
3281,44
3282,43
3283,46
3284,43
3285,44
3286,47
3287,46
3288,49
3289,65
3290,62
3291,57
3292,61
3293,60
3294,59
3295,60
3296,51
3297,49
3298,60
3299,61
3300,62
3301,62
3302,63
3303,65
3304,47
3305,44
3306,45
3307,48
3308,47
3309,48
3310,48
3311,48
3312,49
3313,53
3314,32
3315,30
3316,30
3317,31
3318,27
3319,28
3320,30
3321,32
3322,28
3323,25
3324,28
3325,30
3326,28
3327,27
3328,28
3329,30
3330,32
3331,32
3332,31
3333,38
3334,36
3335,34
3336,30
3337,27
3338,27
3339,26
3340,13
3341,12
3342,37
3343,88
3344,17
3345,17
3346,14
3347,16
3348,38
3349,41
3350,32
3351,37
3352,37
3353,36
3354,38
3355,40
3356,38
3357,44
3358,35
3359,38
3360,39
3361,40
3362,37
3363,37
3364,35
3365,37
3366,45
3367,32
3368,38
3369,33
3370,37
3371,40
3372,26
3373,32
3374,26
3375,22
3376,25
3377,26
3378,33
3379,32
3380,26
3381,30
3382,29
3383,31
3384,29
3385,29
3386,27
3387,28
3388,29
3389,31
3390,27
3391,27
3392,27
3393,28
3394,32
3395,27
3396,31
3397,28
3398,28
3399,24
3400,28
3401,29
3402,31
3403,24
3404,26
3405,27
3406,24
3407,31
3408,31
3409,31
3410,31
3411,37
3412,34
3413,31
3414,37
3415,31
3416,31
3417,33
3418,31
3419,31
3420,34
3421,34
3422,30
3423,27
3424,34
3425,31
3426,30
3427,31
3428,31
3429,32
3430,36
3431,34
3432,35
3433,30
3434,32
3435,33
3436,69
3437,66
3438,69
3439,71
3440,24
3441,24
3442,26
3443,25
3444,27
3445,27
3446,26
3447,31
3448,28
3449,29
3450,28
3451,29
3452,27
3453,29
3454,34
3455,28
3456,27
3457,31
3458,71
3459,68
3460,29
3461,27
3462,31
3463,28
3464,66
3465,59
3466,42
3467,39
3468,39
3469,38
3470,39
3471,38
3472,40
3473,43
3474,38
3475,39
3476,45
3477,39
3478,49
3479,42
3480,46
3481,39
3482,46
3483,40
3484,46
3485,43
3486,43
3487,49
3488,40
3489,41
3490,41
3491,42
3492,44
3493,42
3494,47
3495,43
3496,43
3497,42
3498,44
3499,48
3500,39
3501,40
3502,51
3503,53
3504,49
3505,48
3506,43
3507,48
3508,53
3509,54
3510,44
3511,48
3512,51
3513,51
3514,48
3515,49
3516,52
3517,53
3518,51
3519,47
3520,51
3521,37
3522,45
3523,46
3524,46
3525,39
3526,48
3527,44
3528,41
3529,44
3530,45
3531,47
3532,47
3533,48
3534,47
3535,45
3536,44
3537,48
3538,48
3539,40
3540,39
3541,43
3542,39
3543,39
3544,34
3545,37
3546,41
3547,44
3548,38
3549,46
3550,42
3551,40
3552,46
3553,39
3554,45
3555,42
3556,39
3557,38
3558,44
3559,35
3560,41
3561,42
3562,39
3563,41
3564,48
3565,43
3566,36
3567,39
3568,38
3569,47
3570,40
3571,41
3572,40
3573,33
3574,41
3575,47
3576,38
3577,44
3578,40
3579,44
3580,44
3581,41
3582,54
3583,45
3584,29
3585,26
3586,30
3587,29
3588,32
3589,30
3590,36
3591,26
3592,28
3593,42
3594,31
3595,26
3596,25
3597,42
3598,34
3599,32
3600,30
3601,36
3602,29
3603,38
3604,21
3605,31
3606,30
3607,28
3608,39
3609,32
3610,42
3611,48
3612,39
3613,56
3614,49
3615,43
3616,39
3617,37
3618,49
3619,44
3620,47
3621,46
3622,47
3623,44
3624,42
3625,88
3626,45
3627,46
3628,43
3629,46
3630,44
3631,47
3632,44
3633,47
3634,42
3635,46
3636,51
3637,47
3638,50
3639,53
3640,47
3641,47
3642,47
3643,40
3644,36
3645,39
3646,48
3647,43
3648,44
3649,41
3650,44
3651,47
3652,41
3653,41
3654,45
3655,41
3656,42
3657,47
3658,31
3659,42
3660,22
3661,39
3662,47
3663,47
3664,48
3665,45
3666,55
3667,48
3668,50
3669,49
3670,53
3671,52
3672,48
3673,49
3674,44
3675,53
3676,41
3677,41
3678,45
3679,44
3680,48
3681,43
3682,44
3683,43
3684,41
3685,42
3686,44
3687,44
3688,67
3689,67
3690,66
3691,41
3692,68
3693,70
3694,70
3695,24
3696,67
3697,65
3698,67
3699,67
3700,64
3701,22
3702,69
3703,67
3704,72
3705,26
3706,66
3707,68
3708,67
3709,64
3710,64
3711,67
3712,67
3713,65
3714,66
3715,62
3716,67
3717,65
3718,70
3719,70
3720,64
3721,65
3722,63
3723,64
3724,61
3725,67
3726,66
3727,66
3728,68
3729,66
3730,68
3731,65
3732,66
3733,66
3734,67
3735,68
3736,72
3737,71
3738,26
3739,21
3740,23
3741,26
3742,26
3743,27
3744,23
3745,47
3746,24
3747,28
3748,27
3749,26
3750,46
3751,27
3752,26
3753,64
3754,67
3755,62
3756,63
3757,59
3758,25
3759,24
3760,39
3761,28
3762,30
3763,29
3764,31
3765,27
3766,30
3767,7
3768,14
3769,8
3770,32
3771,29
3772,42
3773,26
3774,38
3775,35
3776,38
3777,32
3778,44
3779,47
3780,44
3781,36
3782,39
3783,42
3784,41
3785,38
3786,38
3787,46
3788,44
3789,46
3790,36
3791,37
3792,39
3793,45
3794,37
3795,40
3796,37
3797,42
3798,40
3799,41
3800,39
3801,41
3802,41
3803,40
3804,42
3805,44
3806,44
3807,38
3808,38
3809,36
3810,37
3811,38
3812,43
3813,38
3814,37
3815,37
3816,40
3817,44
3818,39
3819,38
3820,40
3821,37
3822,38
3823,37
3824,33
3825,46
3826,37
3827,31
3828,35
3829,31
3830,28
3831,34
3832,33
3833,30
3834,35
3835,31
3836,31
3837,28
3838,32
3839,37
3840,32
3841,33
3842,34
3843,32
3844,33
3845,35
3846,33
3847,31
3848,29
3849,34
3850,36
3851,33
3852,34
3853,36
3854,35
3855,30
3856,34
3857,32
3858,35
3859,36
3860,37
3861,36
3862,34
3863,31
3864,34
3865,33
3866,34
3867,34
3868,33
3869,34
3870,36
3871,31
3872,32
3873,38
3874,39
3875,31
3876,35
3877,31
3878,32
3879,30
3880,36
3881,36
3882,38
3883,29
3884,37
3885,36
3886,31
3887,36
3888,33
3889,39
3890,35
3891,32
3892,50
3893,38
3894,32
3895,33
3896,34
3897,34
3898,40
3899,34
3900,36
3901,38
3902,34
3903,41
3904,37
3905,35
3906,33
3907,38
3908,36
3909,36
3910,37
3911,37
3912,36
3913,36
3914,46
3915,32
3916,38
3917,36
3918,34
3919,40
3920,35
3921,35
3922,31
3923,43
3924,35
3925,41
3926,35
3927,32
3928,37
3929,35
3930,33
3931,32
3932,34
3933,38
3934,39
3935,33
3936,26
3937,29
3938,36
3939,28
3940,29
3941,28
3942,34
3943,31
3944,31
3945,31
3946,26
3947,28
3948,28
3949,27
3950,42
3951,34
3952,24
3953,33
3954,29
3955,29
3956,34
3957,25
3958,37
3959,31
3960,32
3961,29
3962,27
3963,33
3964,35
3965,30
3966,35
3967,31
3968,32
3969,31
3970,28
3971,32
3972,33
3973,29
3974,33
3975,34
3976,35
3977,28
3978,29
3979,36
3980,32
3981,31
3982,29
3983,31
3984,37
3985,26
3986,37
3987,33
3988,33
3989,32
3990,32
3991,39
3992,32
3993,32
3994,36
3995,37
3996,48
3997,31
3998,31
3999,31
4000,32
4001,28
4002,32
4003,35
4004,31
4005,51
4006,33
4007,38
4008,34
4009,31
4010,31
4011,37
4012,34
4013,29
4014,28
4015,34
4016,29
4017,33
4018,40
4019,27
4020,34
4021,36
4022,65
4023,28
4024,30
4025,31
4026,30
4027,27
4028,29
4029,31
4030,24
4031,28
4032,27
4033,40
4034,37
4035,31
4036,27
4037,32
4038,34
4039,31
4040,29
4041,43
4042,32
4043,31
4044,39
4045,31
4046,31
4047,33
4048,42
4049,30
4050,29
4051,28
4052,28
4053,30
4054,33
4055,31
4056,34
4057,32
4058,41
4059,37
4060,27
4061,29
4062,32
4063,31
4064,34
4065,38
4066,34
4067,32
4068,33
4069,34
4070,45
4071,31
4072,38
4073,34
4074,37
4075,27
4076,35
4077,31
4078,29
4079,30
4080,32
4081,34
4082,30
4083,31
4084,33
4085,33
4086,35
4087,39
4088,30
4089,30
4090,31
4091,31
4092,32
4093,30
4094,32
4095,35
4096,29
4097,29
4098,31
4099,36
4100,39
4101,33
4102,31
4103,35
4104,58
4105,34
4106,32
4107,37
4108,47
4109,31
4110,29
4111,24
4112,32
4113,38
4114,68
4115,61
4116,61
4117,61
4118,59
4119,61
4120,63
4121,60
4122,63
4123,68
4124,31
4125,62
4126,58
4127,60
4128,64
4129,67
4130,60
4131,58
4132,61
4133,66
4134,57
4135,29
4136,38
4137,31
4138,38
4139,34
4140,38
4141,31
4142,37
4143,33
4144,35
4145,36
4146,32
4147,46
4148,38
4149,50
4150,35
4151,30
4152,33
4153,37
4154,41
4155,34
4156,34
4157,36
4158,35
4159,36
4160,36
4161,43
4162,33
4163,29
4164,56
4165,50
4166,35
4167,32
4168,35
4169,38
4170,39
4171,33
4172,34
4173,34
4174,31
4175,34
4176,33
4177,31
4178,34
4179,35
4180,36
4181,32
4182,33
4183,34
4184,34
4185,34
4186,37
4187,35
4188,37
4189,35
4190,36
4191,35
4192,45
4193,56
4194,39
4195,38
4196,53
4197,38
4198,37
4199,37
4200,38
4201,56
4202,40
4203,34
4204,54
4205,38
4206,38
4207,35
4208,35
4209,34
4210,56
4211,34
4212,38
4213,46
4214,36
4215,40
4216,45
4217,68
4218,38
4219,58
4220,38
4221,38
4222,38
4223,36
4224,35
4225,63
4226,46
4227,51
4228,60
4229,55
4230,56
4231,58
4232,53
4233,54
4234,55
4235,48
4236,55
4237,52
4238,47
4239,51
4240,47
4241,41
4242,32
4243,37
4244,31
4245,34
4246,34
4247,38
4248,34
4249,29
4250,24
4251,30
4252,30
4253,34
4254,32
4255,36
4256,26
4257,33
4258,23
4259,31
4260,26
4261,47
4262,48
4263,47
4264,49
4265,31
4266,47
4267,46
4268,51
4269,44
4270,49
4271,31
4272,50
4273,48
4274,48
4275,50
4276,45
4277,24
4278,45
4279,44
4280,29
4281,48
4282,51
4283,48
4284,35
4285,24
4286,29
4287,31
4288,31
4289,34
4290,49
4291,50
4292,50
4293,27
4294,51
4295,51
4296,49
4297,46
4298,44
4299,44
4300,44
4301,48
4302,50
4303,45
4304,33
4305,28
4306,38
4307,30
4308,52
4309,46
4310,29
4311,28
4312,28
4313,33
4314,29
4315,28
4316,39
4317,48
4318,26
4319,28
4320,44
4321,26
4322,29
4323,29
4324,28
4325,48
4326,48
4327,27
4328,32
4329,31
4330,44
4331,28
4332,29
4333,27
4334,28
4335,26
4336,25
4337,28
4338,31
4339,48
4340,49
4341,48
4342,46
4343,49
4344,46
4345,45
4346,47
4347,47
4348,48
4349,48
4350,48
4351,46
4352,47
4353,48
4354,47
4355,53
4356,50
4357,44
4358,49
4359,46
4360,49
4361,49
4362,50
4363,49
4364,48
4365,48
4366,48
4367,49
4368,46
4369,48
4370,21
4371,27
4372,26
4373,27
4374,24
4375,24
4376,25
4377,24
4378,29
4379,28
4380,26
4381,27
4382,27
4383,28
4384,25
4385,23
4386,24
4387,24
4388,25
4389,21
4390,28
4391,26
4392,26
4393,27
4394,33
4395,28
4396,25
4397,25
4398,24
4399,28
4400,27
4401,30
4402,28
4403,29
4404,24
4405,23
4406,23
4407,26
4408,29
4409,29
4410,26
4411,25
4412,30
4413,30
4414,27
4415,28
4416,26
4417,27
4418,26
4419,27
4420,25
4421,28
4422,24
4423,24
4424,29
4425,27
4426,26
4427,25
4428,27
4429,30
4430,26
4431,26
4432,21
4433,19
4434,18
4435,26
4436,28
4437,28
4438,31
4439,23
4440,21
4441,21
4442,16
4443,31
4444,25
4445,24
4446,20
4447,27
4448,20
4449,33
4450,26
4451,17
4452,26
4453,24
4454,25
4455,25
4456,21
4457,25
4458,33
4459,27
4460,25
4461,24
4462,28
4463,24
4464,24
4465,19
4466,23
4467,21
4468,24
4469,24
4470,18
4471,24
4472,21
4473,22
4474,20
4475,21
4476,21
4477,28
4478,21
4479,21
4480,24
4481,14
4482,17
4483,25
4484,26
4485,23
4486,23
4487,19
4488,21
4489,19
4490,25
4491,32
4492,17
4493,39
4494,42
4495,51
4496,47
4497,49
4498,44
4499,46
4500,48
4501,47
4502,45
4503,46
4504,45
4505,42
4506,44
4507,47
4508,42
4509,45
4510,48
4511,46
4512,48
4513,44
4514,47
4515,48
4516,47
4517,43
4518,45
4519,42
4520,44
4521,45
4522,45
4523,46
4524,42
4525,49
4526,44
4527,46
4528,47
4529,48
4530,54
4531,51
4532,54
4533,47
4534,47
4535,47
4536,55
4537,48
4538,45
4539,46
4540,48
4541,45
4542,44
4543,50
4544,45
4545,46
4546,53
4547,45
4548,45
4549,45
4550,44
4551,45
4552,46
4553,44
4554,44
4555,47
4556,61
4557,44
4558,48
4559,49
4560,47
4561,44
4562,79
4563,46
4564,46
4565,49
4566,49
4567,50
4568,48
4569,49
4570,47
4571,52
4572,51
4573,53
4574,47
4575,48
4576,48
4577,52
4578,46
4579,48
4580,48
4581,48
4582,45
4583,50
4584,49
4585,47
4586,51
4587,48
4588,52
4589,53
4590,55
4591,50
4592,50
4593,51
4594,49
4595,52
4596,51
4597,50
4598,45
4599,42
4600,51
4601,51
4602,45
4603,45
4604,44
4605,46
4606,50
4607,45
4608,48
4609,44
4610,44
4611,46
4612,48
4613,44
4614,45
4615,47
4616,44
4617,44
4618,41
4619,43
4620,39
4621,36
4622,39
4623,49
4624,45
4625,48
4626,48
4627,48
4628,46
4629,51
4630,48
4631,46
4632,50
4633,48
4634,47
4635,48
4636,46
4637,44
4638,55
4639,44
4640,44
4641,47
4642,49
4643,44
4644,29
4645,21
4646,26
4647,36
4648,25
4649,25
4650,28
4651,34
4652,28
4653,24
4654,26
4655,26
4656,27
4657,26
4658,26
4659,27
4660,33
4661,33
4662,36
4663,34
4664,40
4665,34
4666,43
4667,34
4668,37
4669,35
4670,36
4671,39
4672,29
4673,35
4674,34
4675,34
4676,35
4677,35
4678,31
4679,30
4680,30
4681,39
4682,35
4683,40
4684,31
4685,31
4686,39
4687,38
4688,35
4689,39
4690,42
4691,34
4692,32
4693,29
4694,33
4695,31
4696,32
4697,35
4698,38
4699,36
4700,31
4701,31
4702,34
4703,37
4704,35
4705,38
4706,36
4707,33
4708,35
4709,36
4710,37
4711,34
4712,29
4713,30
4714,31
4715,32
4716,38
4717,33
4718,31
4719,31
4720,32
4721,32
4722,33
4723,34
4724,30
4725,28
4726,31
4727,28
4728,32
4729,32
4730,31
4731,35
4732,31
4733,29
4734,32
4735,27
4736,29
4737,30
4738,33
4739,32
4740,32
4741,32
4742,32
4743,32
4744,31
4745,32
4746,37
4747,31
4748,35
4749,29
4750,28
4751,28
4752,31
4753,34
4754,36
4755,35
4756,28
4757,30
4758,31
4759,28
4760,26
4761,44
4762,30
4763,30
4764,30
4765,29
4766,31
4767,34
4768,43
4769,26
4770,25
4771,30
4772,28
4773,26
4774,36
4775,27
4776,31
4777,31
4778,33
4779,31
4780,29
4781,33
4782,34
4783,32
4784,32
4785,34
4786,35
4787,30
4788,33
4789,40
4790,33
4791,32
4792,27
4793,27
4794,28
4795,30
4796,28
4797,28
4798,40
4799,32
4800,32
4801,38
4802,31
4803,31
4804,31
4805,36
4806,32
4807,28
4808,34
4809,35
4810,39
4811,42
4812,37
4813,41
4814,31
4815,31
4816,32
4817,33
4818,30
4819,30
4820,30
4821,34
4822,34
4823,38
4824,34
4825,34
4826,31
4827,38
4828,36
4829,49
4830,26
4831,30
4832,26
4833,35
4834,32
4835,32
4836,64
4837,65
4838,64
4839,65
4840,67
4841,30
4842,65
4843,27
4844,65
4845,68
4846,66
4847,63
4848,39
4849,63
4850,65
4851,66
4852,62
4853,65
4854,67
4855,67
4856,68
4857,68
4858,69
4859,65
4860,65
4861,65
4862,70
4863,67
4864,66
4865,69
4866,68
4867,70
4868,71
4869,70
4870,69
4871,69
4872,72
4873,68
4874,68
4875,70
4876,66
4877,28
4878,28
4879,34
4880,30
4881,35
4882,54
4883,31
4884,31
4885,38
4886,31
4887,27
4888,27
4889,29
4890,29
4891,29
4892,51
4893,69
4894,26
4895,29
4896,38
4897,30
4898,29
4899,30
4900,27
4901,34
4902,32
4903,28
4904,65
4905,68
4906,65
4907,68
4908,48
4909,36
4910,32
4911,28
4912,29
4913,25
4914,24
4915,31
4916,30
4917,34
4918,30
4919,32
4920,33
4921,31
4922,31
4923,29
4924,30
4925,33
4926,31
4927,32
4928,34
4929,32
4930,41
4931,33
4932,37
4933,46
4934,45
4935,46
4936,44
4937,43
4938,42
4939,44
4940,46
4941,35
4942,31
4943,30
4944,32
4945,33
4946,31
4947,25
4948,24
4949,24
4950,26
4951,34
4952,26
4953,26
4954,27
4955,28
4956,29
4957,31
4958,26
4959,24
4960,27
4961,25
4962,26
4963,33
4964,36
4965,29
4966,29
4967,28
4968,34
4969,31
4970,27
4971,31
4972,34
4973,35
4974,29
4975,35
4976,36
4977,36
4978,34
4979,35
4980,33
4981,31
4982,19
4983,28
4984,32
4985,27
4986,28
4987,33
4988,31
4989,33
4990,33
4991,31
4992,31
4993,34
4994,31
4995,35
4996,61
4997,62
4998,58
4999,51
5000,54
5001,52
5002,59
5003,51
5004,59
5005,56
5006,57
5007,57
5008,55
5009,59
5010,56
5011,59
5012,62
5013,62
5014,58
5015,55
5016,57
5017,64
5018,57
5019,58
5020,58
5021,55
5022,58
5023,58
5024,58
5025,55
5026,58
5027,58
5028,63
5029,58
5030,53
5031,52
5032,54
5033,54
5034,59
5035,57
5036,22
5037,22
5038,25
5039,29
5040,26
5041,26
5042,26
5043,29
5044,24
5045,32
5046,37
5047,33
5048,27
5049,22
5050,28
5051,28
5052,25
5053,21
5054,28
5055,28
5056,30
5057,28
5058,20
5059,21
5060,16
5061,19
5062,20
5063,24
5064,23
5065,25
5066,26
5067,21
5068,18
5069,19
5070,23
5071,21
5072,24
5073,24
5074,21
5075,24
5076,22
5077,24
5078,30
5079,20
5080,20
5081,21
5082,19
5083,28
5084,30
5085,31
5086,36
5087,29
5088,28
5089,29
5090,27
5091,26
5092,20
5093,21
5094,20
5095,26
5096,28
5097,35
5098,33
5099,34
5100,22
5101,21
5102,25
5103,22
5104,22
5105,24
5106,25
5107,25
5108,33
5109,26
5110,25
5111,23
5112,21
5113,20
5114,24
5115,21
5116,23
5117,23
5118,29
5119,27
5120,26
5121,27
5122,39
5123,36
5124,34
5125,36
5126,34
5127,38
5128,39
5129,31
5130,34
5131,38
5132,32
5133,44
5134,38
5135,35
5136,36
5137,31
5138,39
5139,72
5140,39
5141,35
5142,36
5143,35
5144,40
5145,40
5146,36
5147,37
5148,36
5149,40
5150,36
5151,47
5152,34
5153,78
5154,45
5155,46
5156,44
5157,34
5158,33
5159,35
5160,43
5161,36
5162,35
5163,35
5164,41
5165,36
5166,40
5167,38
5168,36
5169,38
5170,41
5171,35
5172,33
5173,37
5174,38
5175,37
5176,36
5177,35
5178,33
5179,34
5180,27
5181,30
5182,31
5183,37
5184,33
5185,30
5186,37
5187,32
5188,31
5189,36
5190,35
5191,31
5192,31
5193,31
5194,31
5195,31
5196,34
5197,31
5198,33
5199,37
5200,32
5201,31
5202,35
5203,30
5204,30
5205,31
5206,38
5207,38
5208,31
5209,31
5210,31
5211,26
5212,38
5213,34
5214,32
5215,30
5216,32
5217,30
5218,38
5219,36
5220,32
5221,38
5222,33
5223,34
5224,35
5225,32
5226,36
5227,37
5228,35
5229,39
5230,35
5231,34
5232,37
5233,41
5234,36
5235,41
5236,60
5237,34
5238,42
5239,34
5240,36
5241,38
5242,33
5243,38
5244,35
5245,44
5246,45
5247,29
5248,29
5249,39
5250,39
5251,36
5252,31
5253,45
5254,43
5255,44
5256,35
5257,33
5258,36
5259,33
5260,34
5261,37
5262,33
5263,34
5264,38
5265,41
5266,41
5267,40
5268,33
5269,39
5270,41
5271,34
5272,38
5273,34
5274,38
5275,38
5276,33
5277,35
5278,31
5279,37
5280,35
5281,32
5282,44
5283,37
5284,37
5285,40
5286,38
5287,38
5288,39
5289,36
5290,28
5291,44
5292,38
5293,41
5294,34
5295,35
5296,38
5297,40
5298,33
5299,35
5300,36
5301,34
5302,54
5303,51
5304,52
5305,49
5306,51
5307,51
5308,48
5309,51
5310,35
5311,37
5312,30
5313,56
5314,51
5315,53
5316,55
5317,53
5318,54
5319,55
5320,57
5321,54
5322,31
5323,55
5324,55
5325,54
5326,37
5327,55
5328,50
5329,50
5330,53
5331,52
5332,39
5333,54
5334,52
5335,51
5336,50
5337,52
5338,50
5339,25
5340,50
5341,47
5342,47
5343,48
5344,49
5345,50
5346,51
5347,49
5348,52
5349,49
5350,50
5351,51
5352,49
5353,44
5354,49
5355,48
5356,49
5357,48
5358,51
5359,48
5360,52
5361,51
5362,35
5363,54
5364,51
5365,34
5366,53
5367,55
5368,54
5369,40
5370,53
5371,56
5372,53
5373,34
5374,51
5375,55
5376,51
5377,48
5378,50
5379,56
5380,51
5381,49
5382,35
5383,41
5384,41
5385,44
5386,41
5387,34
5388,47
5389,48
5390,42
5391,37
5392,44
5393,47
5394,32
5395,46
5396,45
5397,47
5398,45
5399,40
5400,49
5401,38
5402,48
5403,49
5404,51
5405,50
5406,35
5407,34
5408,38
5409,46
5410,35
5411,50
5412,52
5413,51
5414,38
5415,34
5416,36
5417,36
5418,34
5419,36
5420,36
5421,38
5422,43
5423,34
5424,31
5425,30
5426,36
5427,37
5428,34
5429,32
5430,35
5431,33
5432,53
5433,44
5434,54
5435,51
5436,52
5437,56
5438,49
5439,49
5440,48
5441,47
5442,48
5443,46
5444,43
5445,54
5446,48
5447,52
5448,48
5449,50
5450,48
5451,48
5452,49
5453,48
5454,50
5455,54
5456,51
5457,48
5458,50
5459,51
5460,52
5461,48
5462,52
5463,48
5464,52
5465,50
5466,50
5467,51
5468,49
5469,49
5470,49
5471,47
5472,48
5473,46
5474,45
5475,48
5476,46
5477,49
5478,45
5479,45
5480,49
5481,48
5482,49
5483,45
5484,49
5485,51
5486,46
5487,53
5488,46
5489,48
5490,46
5491,48
5492,48
5493,47
5494,50
5495,51
5496,47
5497,47
5498,48
5499,48
5500,45
5501,50
5502,49
5503,51
5504,54
5505,50
5506,50
5507,55
5508,52
5509,50
5510,49
5511,48
5512,47
5513,46
5514,46
5515,48
5516,48
5517,46
5518,50
5519,48
5520,38
5521,34
5522,34
5523,32
5524,30
5525,29
5526,31
5527,33
5528,33
5529,29
5530,34
5531,30
5532,29
5533,31
5534,31
5535,39
5536,33
5537,24
5538,27
5539,40
5540,34
5541,34
5542,32
5543,35
5544,34
5545,31
5546,34
5547,29
5548,37
5549,34
5550,34
5551,38
5552,33
5553,32
5554,32
5555,28
5556,28
5557,32
5558,28
5559,29
5560,26
5561,31
5562,33
5563,32
5564,30
5565,29
5566,26
5567,27
5568,26
5569,25
5570,30
5571,27
5572,28
5573,28
5574,28
5575,28
5576,30
5577,26
5578,28
5579,31
5580,28
5581,28
5582,29
5583,26
5584,35
5585,35
5586,34
5587,31
5588,36
5589,34
5590,34
5591,55
5592,53
5593,52
5594,56
5595,51
5596,49
5597,50
5598,50
5599,49
5600,52
5601,52
5602,51
5603,51
5604,52
5605,54
5606,55
5607,54
5608,54
5609,54
5610,53
5611,54
5612,54
5613,50
5614,55
5615,52
5616,49
5617,56
5618,54
5619,51
5620,53
5621,51
5622,53
5623,51
5624,54
5625,56
5626,51
5627,50
5628,50
5629,55
5630,53
5631,49
5632,49
5633,51
5634,51
5635,51
5636,47
5637,51
5638,49
5639,49
5640,49
5641,50
5642,50
5643,53
5644,52
5645,55
5646,51
5647,46
5648,50
5649,52
5650,51
5651,53
5652,48
5653,49
5654,49
5655,52
5656,52
5657,51
5658,43
5659,41
5660,41
5661,42
5662,44
5663,51
5664,41
5665,41
5666,41
5667,41
5668,51
5669,49
5670,45
5671,45
5672,41
5673,51
5674,52
5675,55
5676,54
5677,50
5678,51
5679,55
5680,51
5681,52
5682,49
5683,53
5684,55
5685,53
5686,56
5687,55
5688,52
5689,54
5690,56
5691,26
5692,21
5693,25
5694,24
5695,21
5696,22
5697,22
5698,25
5699,24
5700,21
5701,24
5702,42
5703,30
5704,32
5705,31
5706,36
5707,30
5708,25
5709,28
5710,28
5711,33
5712,30
5713,31
5714,21
5715,18
5716,28
5717,27
5718,25
5719,22
5720,27
5721,26
5722,26
5723,28
5724,26
5725,30
5726,28
5727,33
5728,33
5729,33
5730,29
5731,32
5732,35
5733,29
5734,23
5735,21
5736,24
5737,20
5738,29
5739,24
5740,26
5741,28
5742,26
5743,26
5744,23
5745,30
5746,28
5747,27
5748,29
5749,31
5750,34
5751,33
5752,28
5753,32
5754,24
5755,28
5756,24
5757,27
5758,23
5759,22
5760,29
5761,32
5762,33
5763,30
5764,32
5765,30
5766,31
5767,31
5768,31
5769,32
5770,29
5771,32
5772,31
5773,34
5774,57
5775,31
5776,32
5777,59
5778,60
5779,61
5780,26
5781,32
5782,34
5783,34
5784,32
5785,32
5786,31
5787,29
5788,34
5789,31
5790,31
5791,33
5792,27
5793,30
5794,31
5795,29
5796,34
5797,28
5798,29
5799,30
5800,31
5801,26
5802,27
5803,29
5804,27
5805,25
5806,27
5807,26
5808,28
5809,28
5810,25
5811,25
5812,28
5813,33
5814,31
5815,28
5816,28
5817,31
5818,42
5819,28
5820,29
5821,31
5822,50
5823,54
5824,55
5825,55
5826,56
5827,53
5828,53
5829,48
5830,54
5831,49
5832,57
5833,56
5834,51
5835,54
5836,51
5837,53
5838,47
5839,55
5840,54
5841,52
5842,56
5843,55
5844,52
5845,52
5846,53
5847,51
5848,51
5849,49
5850,54
5851,51
5852,49
5853,50
5854,47
5855,48
5856,52
5857,47
5858,48
5859,51
5860,50
5861,55
5862,50
5863,50
5864,48
5865,49
5866,53
5867,56
5868,54
5869,52
5870,53
5871,52
5872,52
5873,49
5874,55
5875,45
5876,51
5877,49
5878,51
5879,51
5880,52
5881,57
5882,51
5883,50
5884,51
5885,49
5886,56
5887,51
5888,55
5889,52
5890,52
5891,55
5892,54
5893,53
5894,43
5895,53
5896,48
5897,52
5898,55
5899,54
5900,52
5901,53
5902,57
5903,54
5904,54
5905,52
5906,52
5907,55
5908,55
5909,51
5910,52
5911,54
5912,52
5913,51
5914,51
5915,55
5916,54
5917,56
5918,52
5919,56
5920,52
5921,58
5922,51
5923,53
5924,55
5925,54
5926,54
5927,49
5928,53
5929,53
5930,51
5931,46
5932,53
5933,48
5934,45
5935,44
5936,42
5937,43
5938,43
5939,38
5940,44
5941,38
5942,40
5943,38
5944,38
5945,44
5946,42
5947,53
5948,35
5949,34
5950,28
5951,33
5952,38
5953,40
5954,59
5955,51
5956,60
5957,53
5958,44
5959,52
5960,23
5961,55
5962,23
5963,24
5964,51
5965,29
5966,52
5967,38
5968,53
5969,40
5970,52
5971,33
5972,38
5973,36
5974,65
5975,33
5976,36
5977,51
5978,26
5979,15
5980,6
5981,14
5982,7
5983,58
5984,14
5985,60
5986,17
5987,48
5988,54
5989,55
5990,25
5991,17
5992,54
5993,18
5994,19
5995,21
5996,21
5997,23
5998,28
5999,56
6000,31
6001,31
6002,58
6003,99
6004,29
6005,56
6006,50
6007,53
6008,49
6009,48
6010,32
6011,53
6012,51
6013,51
6014,49
6015,38
6016,49
6017,51
6018,53
6019,50
6020,52
6021,34
6022,52
6023,51
6024,51
6025,53
6026,51
6027,35
6028,52
6029,54
6030,54
6031,52
6032,39
6033,49
6034,51
6035,49
6036,49
6037,48
6038,47
6039,45
6040,47
6041,47
6042,46
6043,51
6044,53
6045,56
6046,48
6047,52
6048,51
6049,47
6050,49
6051,50
6052,51
6053,48
6054,50
6055,50
6056,47
6057,47
6058,42
6059,33
6060,40
6061,41
6062,41
6063,44
6064,51
6065,52
6066,39
6067,45
6068,45
6069,48
6070,47
6071,34
6072,48
6073,48
6074,49
6075,50
6076,48
6077,48
6078,32
6079,46
6080,44
6081,53
6082,45
6083,42
6084,52
6085,47
6086,52
6087,51
6088,50
6089,52
6090,48
6091,54
6092,53
6093,49
6094,54
6095,51
6096,51
6097,52
6098,56
6099,34
6100,52
6101,50
6102,30
6103,51
6104,51
6105,34
6106,51
6107,54
6108,36
6109,34
6110,35
6111,33
6112,34
6113,41
6114,36
6115,48
6116,42
6117,37
6118,51
6119,51
6120,49
6121,34
6122,58
6123,56
6124,46
6125,47
6126,46
6127,41
6128,38
6129,36
6130,41
6131,44
6132,36
6133,39
6134,41
6135,35
6136,42
6137,35
6138,41
6139,41
6140,36
6141,39
6142,33
6143,35
6144,48
6145,60
6146,43
6147,46
6148,40
6149,33
6150,48
6151,34
6152,37
6153,35
6154,39
6155,60
6156,51
6157,48
6158,45
6159,49
6160,85
6161,34
6162,53
6163,45
6164,42
6165,39
6166,45
6167,34
6168,43
6169,47
6170,48
6171,48
6172,38
6173,36
6174,51
6175,41
6176,30
6177,31
6178,19
6179,34
6180,32
6181,26
6182,31
6183,38
6184,34
6185,21
6186,34
6187,34
6188,24
6189,30
6190,31
6191,31
6192,31
6193,23
6194,27
6195,25
6196,28
6197,40
6198,28
6199,32
6200,34
6201,41
6202,41
6203,44
6204,41
6205,42
6206,20
6207,42
6208,41
6209,24
6210,28
6211,20
6212,35
6213,28
6214,31
6215,28
6216,32
6217,30
6218,31
6219,27
6220,32
6221,31
6222,32
6223,36
6224,26
6225,28
6226,29
6227,28
6228,27
6229,28
6230,24
6231,21
6232,25
6233,24
6234,29
6235,21
6236,21
6237,20
6238,21
6239,22
6240,22
6241,22
6242,24
6243,21
6244,21
6245,22
6246,22
6247,35
6248,21
6249,19
6250,22
6251,21
6252,37
6253,46
6254,41
6255,44
6256,21
6257,24
6258,22
6259,64
6260,41
6261,23
6262,62
6263,64
6264,24
6265,64
6266,61
6267,63
6268,64
6269,24
6270,62
6271,64
6272,65
6273,21
6274,66
6275,65
6276,65
6277,65
6278,22
6279,69
6280,64
6281,71
6282,64
6283,66
6284,63
6285,66
6286,66
6287,68
6288,38
6289,43
6290,47
6291,48
6292,44
6293,43
6294,42
6295,43
6296,42
6297,23
6298,41
6299,41
6300,41
6301,43
6302,44
6303,42
6304,43
6305,41
6306,43
6307,44
6308,41
6309,40
6310,44
6311,41
6312,43
6313,40
6314,38
6315,21
6316,21
6317,22
6318,19
6319,18
6320,14
6321,18
6322,19
6323,21
6324,20
6325,20
6326,19
6327,19
6328,18
6329,19
6330,22
6331,24
6332,21
6333,21
6334,14
6335,16
6336,15
6337,16
6338,16
6339,13
6340,17
6341,13
6342,27
6343,27
6344,23
6345,21
6346,26
6347,24
6348,21
6349,23
6350,23
6351,20
6352,23
6353,23
6354,22
6355,21
6356,72
6357,60
6358,66
6359,67
6360,63
6361,68
6362,67
6363,65
6364,65
6365,64
6366,65
6367,63
6368,62
6369,58
6370,59
6371,60
6372,62
6373,59
6374,57
6375,60
6376,61
6377,59
6378,58
6379,62
6380,60
6381,59
6382,59
6383,59
6384,57
6385,59
6386,60
6387,59
6388,59
6389,61
6390,59
6391,61
6392,58
6393,59
6394,58
6395,62
6396,61
6397,63
6398,59
6399,69
6400,61
6401,69
6402,59
6403,61
6404,58
6405,58
6406,61
6407,60
6408,60
6409,61
6410,61
6411,60
6412,60
6413,58
6414,57
6415,57
6416,59
6417,61
6418,59
6419,58
6420,62
6421,58
6422,56
6423,58
6424,60
6425,61
6426,31
6427,33
6428,31
6429,32
6430,36
6431,31
6432,27
6433,28
6434,44
6435,30
6436,31
6437,35
6438,35
6439,27
6440,31
6441,25
6442,30
6443,29
6444,29
6445,28
6446,28
6447,25
6448,29
6449,31
6450,32
6451,34
6452,37
6453,30
6454,32
6455,26
6456,25
6457,32
6458,37
6459,38
6460,42
6461,34
6462,24
6463,40
6464,34
6465,35
6466,35
6467,21
6468,34
6469,34
6470,50
6471,27
6472,54
6473,71
6474,71
6475,35
6476,38
6477,33
6478,71
6479,67
6480,66
6481,69
6482,75
6483,65
6484,65
6485,65
6486,67
6487,65
6488,68
6489,68
6490,73
6491,70
6492,67
6493,67
6494,68
6495,69
6496,68
6497,70
6498,24
6499,68
6500,70
6501,71
6502,24
6503,70
6504,31
6505,71
6506,26
6507,27
6508,30
6509,24
6510,28
6511,31
6512,34
6513,31
6514,32
6515,31
6516,31
6517,36
6518,31
6519,28
6520,34
6521,33
6522,32
6523,32
6524,31
6525,28
6526,28
6527,33
6528,25
6529,29
6530,24
6531,28
6532,26
6533,30
6534,28
6535,29
6536,31
6537,28
6538,49
6539,29
6540,30
6541,30
6542,33
6543,31
6544,29
6545,31
6546,32
6547,65
6548,34
6549,34
6550,33
6551,34
6552,53
6553,49
6554,34
6555,44
6556,53
6557,53
6558,49
6559,52
6560,55
6561,53
6562,47
6563,46
6564,45
6565,44
6566,43
6567,48
6568,42
6569,47
6570,68
6571,41
6572,52
6573,44
6574,43
6575,46
6576,68
6577,45
6578,47
6579,47
6580,44
6581,48
6582,65
6583,44
6584,44
6585,48
6586,47
6587,42
6588,67
6589,47
6590,45
6591,65
6592,45
6593,43
6594,43
6595,62
6596,46
6597,45
6598,44
6599,44
6600,42
6601,45
6602,43
6603,38
6604,44
6605,54
6606,46
6607,44
6608,66
6609,47
6610,49
6611,45
6612,45
6613,64
6614,63
6615,71
6616,69
6617,64
6618,64
6619,67
6620,70
6621,68
6622,74
6623,59
6624,68
6625,67
6626,65
6627,69
6628,68
6629,68
6630,66
6631,27
6632,25
6633,27
6634,39
6635,33
6636,31
6637,30
6638,32
6639,30
6640,31
6641,30
6642,29
6643,30
6644,29
6645,30
6646,30
6647,33
6648,32
6649,33
6650,31
6651,31
6652,30
6653,33
6654,35
6655,31
6656,33
6657,35
6658,31
6659,33
6660,31
6661,30
6662,31
6663,31
6664,31
6665,31
6666,33
6667,30
6668,29
6669,29
6670,28
6671,63
6672,30
6673,29
6674,27
6675,29
6676,27
6677,28
6678,29
6679,29
6680,31
6681,27
6682,27
6683,25
6684,28
6685,28
6686,24
6687,31
6688,38
6689,33
6690,33
6691,32
6692,37
6693,34
6694,35
6695,42
6696,33
6697,36
6698,32
6699,34
6700,35
6701,36
6702,46
6703,31
6704,39
6705,34
6706,51
6707,47
6708,51
6709,52
6710,49
6711,48
6712,34
6713,36
6714,32
6715,34
6716,36
6717,35
6718,39
6719,35
6720,31
6721,50
6722,49
6723,49
6724,48
6725,57
6726,29
6727,36
6728,43
6729,31
6730,31
6731,38
6732,37
6733,35
6734,34
6735,33
6736,35
6737,34
6738,32
6739,33
6740,40
6741,35
6742,48
6743,47
6744,62
6745,49
6746,43
6747,61
6748,57
6749,55
6750,69
6751,49
6752,34
6753,36
6754,39
6755,34
6756,35
6757,35
6758,34
6759,33
6760,34
6761,36
6762,38
6763,30
6764,33
6765,34
6766,28
6767,31
6768,44
6769,36
6770,31
6771,48
6772,50
6773,51
6774,50
6775,50
6776,51
6777,48
6778,49
6779,50
6780,51
6781,51
6782,51
6783,49
6784,50
6785,51
6786,52
6787,51
6788,51
6789,55
6790,50
6791,34
6792,34
6793,32
6794,34
6795,32
6796,32
6797,31
6798,31
6799,34
6800,37
6801,33
6802,32
6803,55
6804,32
6805,34
6806,34
6807,30
6808,33
6809,35
6810,33
6811,34
6812,31
6813,35
6814,31
6815,34
6816,34
6817,34
6818,31
6819,32
6820,35
6821,34
6822,33
6823,36
6824,34
6825,38
6826,34
6827,30
6828,31
6829,34
6830,33
6831,35
6832,32
6833,31
6834,34
6835,34
6836,31
6837,42
6838,32
6839,28
6840,31
6841,30
6842,35
6843,29
6844,29
6845,29
6846,30
6847,31
6848,36
6849,32
6850,34
6851,31
6852,31
6853,29
6854,32
6855,29
6856,33
6857,30
6858,29
6859,34
6860,29
6861,31
6862,31
6863,34
6864,34
6865,34
6866,53
6867,47
6868,51
6869,53
6870,50
6871,48
6872,45
6873,49
6874,33
6875,33
6876,30
6877,34
6878,31
6879,34
6880,37
6881,38
6882,33
6883,33
6884,34
6885,34
6886,37
6887,33
6888,35
6889,37
6890,34
6891,33
6892,36
6893,34
6894,33
6895,34
6896,32
6897,40
6898,32
6899,34
6900,35
6901,39
6902,41
6903,41
6904,42
6905,38
6906,36
6907,38
6908,40
6909,41
6910,39
6911,36
6912,36
6913,41
6914,36
6915,39
6916,43
6917,36
6918,39
6919,41
6920,40
6921,61
6922,44
6923,38
6924,41
6925,37
6926,45
6927,36
6928,43
6929,41
6930,34
6931,40
6932,38
6933,40
6934,38
6935,38
6936,42
6937,41
6938,37
6939,36
6940,36
6941,39
6942,30
6943,41
6944,32
6945,29
6946,31
6947,33
6948,44
6949,38
6950,43
6951,31
6952,30
6953,38
6954,30
6955,33
6956,32
6957,38
6958,36
6959,40
6960,34
6961,31
6962,38
6963,29
6964,40
6965,38
6966,39
6967,39
6968,38
6969,36
6970,37
6971,36
6972,37
6973,38
6974,35
6975,27
6976,29
6977,31
6978,28
6979,27
6980,33
6981,28
6982,35
6983,33
6984,39
6985,30
6986,36
6987,41
6988,31
6989,36
6990,34
6991,32
6992,38
6993,28
6994,27
6995,29
6996,27
6997,30
6998,27
6999,25
7000,28
7001,25
7002,35
7003,37
7004,39
7005,37
7006,38
7007,32
7008,28
7009,27
7010,28
7011,24
7012,21
7013,23
7014,22
7015,29
7016,24
7017,27
7018,23
7019,30
7020,22
7021,24
7022,26
7023,26
7024,21
7025,20
7026,26
7027,31
7028,25
7029,21
7030,21
7031,20
7032,23
7033,22
7034,20
7035,31
7036,21
7037,24
7038,24
7039,26
7040,27
7041,24
7042,22
7043,30
7044,26
7045,28
7046,26
7047,25
7048,33
7049,28
7050,29
7051,25
7052,22
7053,22
7054,22
7055,24
7056,26
7057,26
7058,26
7059,21
7060,22
7061,20
7062,22
7063,21
7064,23
7065,21
7066,22
7067,24
7068,27
7069,27
7070,26
7071,26
7072,21
7073,24
7074,23
7075,25
7076,23
7077,25
7078,25
7079,28
7080,28
7081,27
7082,23
7083,24
7084,28
7085,24
7086,25
7087,22
7088,28
7089,25
7090,23
7091,24
7092,22
7093,21
7094,21
7095,24
7096,24
7097,24
7098,22
7099,25
7100,27
7101,24
7102,27
7103,24
7104,27
7105,68
7106,56
7107,67
7108,66
7109,56
7110,61
7111,61
7112,63
7113,63
7114,59
7115,61
7116,64
7117,58
7118,63
7119,60
7120,60
7121,60
7122,34
7123,60
7124,34
7125,38
7126,33
7127,34
7128,34
7129,35
7130,34
7131,49
7132,60
7133,58
7134,58
7135,57
7136,61
7137,61
7138,58
7139,62
7140,65
7141,60
7142,61
7143,54
7144,34
7145,59
7146,60
7147,58
7148,58
7149,60
7150,58
7151,44
7152,52
7153,46
7154,54
7155,59
7156,60
7157,63
7158,65
7159,36
7160,41
7161,38
7162,42
7163,41
7164,41
7165,43
7166,38
7167,39
7168,41
7169,43
7170,30
7171,39
7172,38
7173,28
7174,44
7175,50
7176,49
7177,50
7178,47
7179,47
7180,51
7181,28
7182,26
7183,24
7184,28
7185,27
7186,27
7187,28
7188,24
7189,28
7190,29
7191,24
7192,27
7193,28
7194,47
7195,46
7196,46
7197,47
7198,45
7199,45
7200,53
7201,47
7202,51
7203,45
7204,47
7205,46
7206,48
7207,29
7208,31
7209,29
7210,31
7211,30
7212,31
7213,28
7214,34
7215,31
7216,32
7217,31
7218,30
7219,31
7220,29
7221,30
7222,29
7223,32
7224,29
7225,29
7226,32
7227,28
7228,28
7229,34
7230,34
7231,35
7232,33
7233,29
7234,30
7235,38
7236,29
7237,32
7238,34
7239,29
7240,32
7241,33
7242,48
7243,41
7244,40
7245,41
7246,45
7247,42
7248,40
7249,45
7250,41
7251,28
7252,30
7253,26
7254,23
7255,30
7256,32
7257,44
7258,47
7259,26
7260,28
7261,28
7262,46
7263,48
7264,28
7265,29
7266,41
7267,30
7268,28
7269,31
7270,32
7271,34
7272,34
7273,34
7274,32
7275,34
7276,36
7277,39
7278,33
7279,36
7280,48
7281,38
7282,38
7283,35
7284,35
7285,38
7286,35
7287,33
7288,39
7289,37
7290,49
7291,49
7292,48
7293,50
7294,45
7295,48
7296,48
7297,49
7298,21
7299,23
7300,26
7301,24
7302,28
7303,25
7304,35
7305,24
7306,23
7307,22
7308,21
7309,21
7310,22
7311,20
7312,26
7313,24
7314,21
7315,23
7316,23
7317,24
7318,59
7319,64
7320,62
7321,38
7322,37
7323,35
7324,34
7325,37
7326,26
7327,35
7328,37
7329,36
7330,22
7331,37
7332,37
7333,41
7334,23
7335,42
7336,41
7337,38
7338,24
7339,35
7340,37
7341,44
7342,38
7343,22
7344,39
7345,32
7346,36
7347,38
7348,39
7349,36
7350,36
7351,30
7352,23
7353,24
7354,21
7355,28
7356,26
7357,24
7358,24
7359,12
7360,25
7361,13
7362,22
7363,24
7364,22
7365,21
7366,23
7367,27
7368,27
7369,25
7370,24
7371,34
7372,36
7373,30
7374,28
7375,29
7376,31
7377,24
7378,23
7379,24
7380,23
7381,33
7382,21
7383,40
7384,49
7385,48
7386,39
7387,41
7388,41
7389,40
7390,40
7391,37
7392,23
7393,28
7394,28
7395,27
7396,24
7397,29
7398,22
7399,28
7400,28
7401,28
7402,27
7403,25
7404,28
7405,29
7406,64
7407,38
7408,28
7409,30
7410,28
7411,29
7412,44
7413,45
7414,27
7415,26
7416,24
7417,28
7418,28
7419,28
7420,65
7421,27
7422,29
7423,27
7424,29
7425,28
7426,25
7427,30
7428,26
7429,28
7430,24
7431,26
7432,25
7433,72
7434,71
7435,71
7436,72
7437,71
7438,71
7439,69
7440,71
7441,71
7442,69
7443,71
7444,72
7445,71
7446,74
7447,68
7448,72
7449,65
7450,71
7451,70
7452,65
7453,68
7454,70
7455,69
7456,68
7457,66
7458,69
7459,66
7460,68
7461,68
7462,66
7463,67
7464,73
7465,69
7466,73
7467,69
7468,76
7469,71
7470,68
7471,71
7472,71
7473,76
7474,74
7475,67
7476,65
7477,65
7478,65
7479,65
7480,66
7481,70
7482,69
7483,70
7484,70
7485,71
7486,68
7487,69
7488,75
7489,69
7490,71
7491,73
7492,70
7493,69
7494,73
7495,71
7496,71
7497,69
7498,71
7499,68
7500,73
7501,68
7502,67
7503,65
7504,38
7505,69
7506,69
7507,71
7508,68
7509,46
7510,38
7511,38
7512,39
7513,37
7514,39
7515,38
7516,41
7517,40
7518,44
7519,47
7520,42
7521,37
7522,39
7523,39
7524,54
7525,44
7526,43
7527,43
7528,41
7529,77
7530,71
7531,62
7532,36
7533,36
7534,42
7535,33
7536,41
7537,47
7538,34
7539,35
7540,33
7541,37
7542,36
7543,34
7544,32
7545,35
7546,35
7547,36
7548,36
7549,31
7550,37
7551,35
7552,37
7553,34
7554,37
7555,38
7556,36
7557,34
7558,36
7559,33
7560,30
7561,37
7562,37
7563,41
7564,38
7565,43
7566,40
7567,47
7568,37
7569,40
7570,39
7571,37
7572,27
7573,28
7574,28
7575,26
7576,26
7577,67
7578,68
7579,26
7580,68
7581,70
7582,31
7583,66
7584,66
7585,68
7586,68
7587,69
7588,71
7589,71
7590,68
7591,68
7592,67
7593,67
7594,68
7595,31
7596,32
7597,34
7598,35
7599,26
7600,25
7601,28
7602,68
7603,28
7604,28
7605,64
7606,65
7607,67
7608,68
7609,67
7610,69
7611,66
7612,69
7613,67
7614,69
7615,67
7616,67
7617,67
7618,68
7619,70
7620,70
7621,67
7622,66
7623,26
7624,27
7625,30
7626,27
7627,31
7628,55
7629,53
7630,51
7631,53
7632,21
7633,54
7634,27
7635,52
7636,28
7637,53
7638,51
7639,57
7640,54
7641,33
7642,53
7643,52
7644,59
7645,32
7646,55
7647,58
7648,28
7649,57
7650,57
7651,56
7652,58
7653,57
7654,56
7655,56
7656,57
7657,58
7658,58
7659,27
7660,59
7661,57
7662,32
7663,29
7664,32
7665,31
7666,28
7667,27
7668,32
7669,28
7670,28
7671,35
7672,26
7673,28
7674,28
7675,27
7676,27
7677,29
7678,31
7679,32
7680,54
7681,52
7682,51
7683,53
7684,54
7685,51
7686,52
7687,51
7688,52
7689,50
7690,29
7691,29
7692,27
7693,28
7694,28
7695,27
7696,28
7697,33
7698,50
7699,41
7700,40
7701,46
7702,51
7703,51
7704,50
7705,53
7706,51
7707,27
7708,28
7709,24
7710,25
7711,26
7712,25
7713,23
7714,21
7715,27
7716,25
7717,27
7718,30
7719,22
7720,23
7721,24
7722,26
7723,23
7724,29
7725,27
7726,25
7727,23
7728,24
7729,22
7730,21
7731,25
7732,27
7733,24
7734,24
7735,25
7736,22
7737,26
7738,27
7739,22
7740,25
7741,22
7742,22
7743,21
7744,24
7745,24
7746,24
7747,26
7748,29
7749,31
7750,27
7751,32
7752,21
7753,21
7754,21
7755,26
7756,39
7757,32
7758,28
7759,24
7760,33
7761,33
7762,33
7763,34
7764,27
7765,28
7766,24
7767,37
7768,35
7769,32
7770,30
7771,28
7772,29
7773,31
7774,26
7775,36
7776,43
7777,29
7778,26
7779,25
7780,21
7781,21
7782,23
7783,23
7784,23
7785,20
7786,25
7787,32
7788,37
7789,27
7790,25
7791,23
7792,22
7793,24
7794,21
7795,25
7796,29
7797,34
7798,23
7799,24
7800,24
7801,24
7802,27
7803,25
7804,21
7805,30
7806,28
7807,30
7808,30
7809,30
7810,28
7811,24
7812,24
7813,24
7814,28
7815,31
7816,24
7817,18
7818,21
7819,26
7820,33
7821,33
7822,28
7823,31
7824,29
7825,28
7826,32
7827,33
7828,31
7829,28
7830,30
7831,32
7832,34
7833,29
7834,24
7835,36
7836,29
7837,34
7838,41
7839,29
7840,26
7841,38
7842,26
7843,28
7844,34
7845,25
7846,29
7847,32
7848,27
7849,31
7850,26
7851,30
7852,23
7853,25
7854,29
7855,29
7856,34
7857,29
7858,32
7859,23
7860,26
7861,33
7862,31
7863,36
7864,32
7865,34
7866,31
7867,31
7868,31
7869,31
7870,31
7871,37
7872,32
7873,32
7874,33
7875,28
7876,35
7877,32
7878,29
7879,33
7880,32
7881,30
7882,32
7883,34
7884,35
7885,33
7886,39
7887,37
7888,33
7889,29
7890,40
7891,42
7892,39
7893,41
7894,45
7895,37
7896,41
7897,40
7898,41
7899,36
7900,35
7901,39
7902,37
7903,46
7904,39
7905,41
7906,36
7907,40
7908,42
7909,38
7910,37
7911,40
7912,39
7913,35
7914,36
7915,39
7916,33
7917,40
7918,37
7919,35
7920,36
7921,32
7922,38
7923,42
7924,38
7925,43
7926,44
7927,40
7928,41
7929,37
7930,37
7931,36
7932,43
7933,41
7934,35
7935,38
7936,39
7937,38
7938,38
7939,40
7940,37
7941,38
7942,38
7943,36
7944,35
7945,41
7946,24
7947,31
7948,30
7949,31
7950,28
7951,28
7952,28
7953,36
7954,36
7955,31
7956,34
7957,24
7958,41
7959,26
7960,24
7961,31
7962,24
7963,27
7964,24
7965,24
7966,24
7967,23
7968,26
7969,26
7970,30
7971,33
7972,36
7973,29
7974,41
7975,36
7976,26
7977,33
7978,33
7979,36
7980,25
7981,30
7982,24
7983,27
7984,26
7985,28
7986,31
7987,31
7988,28
7989,27
7990,39
7991,30
7992,29
7993,28
7994,31
7995,29
7996,31
7997,26
7998,27
7999,30
8000,33
8001,33
8002,33
8003,57
8004,61
8005,65
8006,61
8007,64
8008,65
8009,68
8010,62
8011,66
8012,65
8013,65
8014,65
8015,64
8016,68
8017,68
8018,68
8019,72
8020,69
8021,65
8022,67
8023,74
8024,71
8025,69
8026,71
8027,68
8028,68
8029,55
8030,27
8031,70
8032,71
8033,67
8034,66
8035,73
8036,68
8037,38
8038,32
8039,34
8040,35
8041,37
8042,33
8043,34
8044,38
8045,34
8046,36
8047,58
8048,63
8049,61
8050,59
8051,61
8052,56
8053,62
8054,67
8055,61
8056,61
8057,61
8058,61
8059,63
8060,65
8061,63
8062,60
8063,67
8064,62
8065,66
8066,73
8067,65
8068,70
8069,63
8070,59
8071,61
8072,65
8073,68
8074,65
8075,36
8076,40
8077,35
8078,38
8079,34
8080,33
8081,33
8082,34
8083,33
8084,33
8085,36
8086,32
8087,40
8088,60
8089,34
8090,31
8091,32
8092,39
8093,34
8094,37
8095,34
8096,62
8097,35
8098,31
8099,61
8100,67
8101,35
8102,40
8103,34
8104,33
8105,33
8106,34
8107,66
8108,70
8109,62
8110,61
8111,66
8112,43
8113,15
8114,42
8115,19
8116,43
8117,40
8118,38
8119,36
8120,38
8121,38
8122,17
8123,44
8124,43
8125,39
8126,41
8127,17
8128,42
8129,41
8130,39
8131,17
8132,16
8133,18
8134,17
8135,19
8136,17
8137,14
8138,16
8139,19
8140,17
8141,21
8142,22
8143,15
8144,41
8145,42
8146,45
8147,43
8148,45
8149,43
8150,40
8151,41
8152,39
8153,42
8154,25
8155,26
8156,34
8157,24
8158,26
8159,26
8160,29
8161,26
8162,33
8163,26
8164,28
8165,25
8166,25
8167,24
8168,25
8169,24
8170,22
8171,26
8172,24
8173,21
8174,23
8175,24
8176,21
8177,23
8178,21
8179,19
8180,21
8181,23
8182,22
8183,23
8184,24
8185,22
8186,27
8187,1
8188,28
8189,29
8190,24
8191,27
8192,24
8193,23
8194,24
8195,34
8196,29
8197,23
8198,25
8199,26
8200,26
8201,30
8202,26
8203,29
8204,28
8205,27
8206,28
8207,28
8208,23
8209,23
8210,24
8211,25
8212,23
8213,22
8214,26
8215,21
8216,32
8217,24
8218,23
8219,25
8220,26
8221,23
8222,47
8223,31
8224,25
8225,27
8226,23
8227,24
8228,57
8229,35
8230,30
8231,30
8232,27
8233,29
8234,26
8235,28
8236,25
8237,26
8238,24
8239,26
8240,27
8241,26
8242,26
8243,26
8244,30
8245,24
8246,29
8247,25
8248,25
8249,30
8250,32
8251,36
8252,37
8253,41
8254,31
8255,28
8256,27
8257,27
8258,28
8259,23
8260,27
8261,25
8262,27
8263,24
8264,28
8265,24
8266,23
8267,27
8268,29
8269,28
8270,25
8271,26
8272,39
8273,38
8274,38
8275,31
8276,26
8277,28
8278,34
8279,26
8280,26
8281,28
8282,27
8283,25
8284,28
8285,28
8286,28
8287,26
8288,24
8289,23
8290,22
8291,28
8292,29
8293,27
8294,24
8295,26
8296,28
8297,51
8298,48
8299,50
8300,27
8301,28
8302,24
8303,28
8304,27
8305,30
8306,25
8307,28
8308,21
8309,27
8310,28
8311,27
8312,24
8313,24
8314,25
8315,27
8316,26
8317,25
8318,27
8319,26
8320,62
8321,65
8322,68
8323,68
8324,64
8325,63
8326,65
8327,67
8328,61
8329,63
8330,64
8331,70
8332,66
8333,33
8334,59
8335,65
8336,69
8337,71
8338,65
8339,26
8340,23
8341,24
8342,26
8343,28
8344,26
8345,24
8346,25
8347,28
8348,26
8349,28
8350,30
8351,36
8352,39
8353,34
8354,29
8355,28
8356,27
8357,27
8358,31
8359,27
8360,24
8361,29
8362,26
8363,26
8364,29
8365,29
8366,29
8367,30
8368,26
8369,35
8370,26
8371,27
8372,28
8373,30
8374,27
8375,29
8376,28
8377,32
8378,30
8379,28
8380,28
8381,28
8382,24
8383,28
8384,26
8385,24
8386,28
8387,26
8388,28
8389,32
8390,31
8391,28
8392,28
8393,37
8394,28
8395,31
8396,45
8397,44
8398,32
8399,26
8400,18
8401,24
8402,22
8403,27
8404,28
8405,23
8406,22
8407,21
8408,22
8409,22
8410,30
8411,35
8412,29
8413,26
8414,30
8415,22
8416,28
8417,21
8418,42
8419,48
8420,24
8421,17
8422,44
8423,31
8424,27
8425,29
8426,21
8427,24
8428,26
8429,39
8430,32
8431,24
8432,17
8433,38
8434,27
8435,25
8436,28
8437,29
8438,38
8439,25
8440,23
8441,24
8442,28
8443,38
8444,36
8445,30
8446,28
8447,33
8448,29
8449,14
8450,21
8451,24
8452,21
8453,28
8454,30
8455,25
8456,26
8457,28
8458,17
8459,29
8460,33
8461,22
8462,28
8463,31
8464,33
8465,27
8466,31
8467,25
8468,25
8469,35
8470,25
8471,27
8472,25
8473,36
8474,32
8475,31
8476,28
8477,30
8478,29
8479,33
8480,34
8481,35
8482,27
8483,35
8484,28
8485,34
8486,24
8487,31
8488,21
8489,25
8490,28
8491,28
8492,29
8493,29
8494,30
8495,28
8496,27
8497,24
8498,28
8499,31
8500,28
8501,31
8502,35
8503,31
8504,32
8505,30
8506,30
8507,33
8508,31
8509,32
8510,29
8511,29
8512,32
8513,34
8514,36
8515,35
8516,32
8517,31
8518,35
8519,36
8520,31
8521,33
8522,36
8523,29
8524,33
8525,34
8526,33
8527,45
8528,41
8529,44
8530,41
8531,39
8532,32
8533,35
8534,34
8535,31
8536,32
8537,35
8538,30
8539,38
8540,32
8541,33
8542,34
8543,32
8544,37
8545,35
8546,41
8547,43
8548,34
8549,34
8550,32
8551,35
8552,38
8553,34
8554,34
8555,38
8556,34
8557,41
8558,43
8559,42
8560,44
8561,44
8562,30
8563,28
8564,33
8565,30
8566,28
8567,30
8568,30
8569,32
8570,28
8571,35
8572,28
8573,29
8574,29
8575,35
8576,33
8577,30
8578,29
8579,31
8580,30
8581,26
8582,22
8583,24
8584,35
8585,62
8586,25
8587,19
8588,24
8589,30
8590,33
8591,23
8592,19
8593,19
8594,22
8595,26
8596,57
8597,27
8598,53
8599,27
8600,18
8601,24
8602,27
8603,30
8604,59
8605,55
8606,64
8607,57
8608,58
8609,56
8610,59
8611,55
8612,64
8613,57
8614,56
8615,54
8616,59
8617,58
8618,60
8619,59
8620,59
8621,59
8622,57
8623,59
8624,58
8625,58
8626,57
8627,61
8628,59
8629,62
8630,59
8631,63
8632,60
8633,52
8634,56
8635,57
8636,58
8637,61
8638,61
8639,58
8640,58
8641,58
8642,59
8643,58
8644,58
8645,61
8646,61
8647,63
8648,35
8649,40
8650,32
8651,36
8652,35
8653,45
8654,38
8655,36
8656,45
8657,36
8658,31
8659,34
8660,31
8661,37
8662,40
8663,35
8664,32
8665,37
8666,35
8667,38
8668,33
8669,37
8670,35
8671,35
8672,33
8673,36
8674,35
8675,38
8676,35
8677,36
8678,37
8679,40
8680,34
8681,36
8682,36
8683,35
8684,37
8685,35
8686,34
8687,36
8688,48
8689,47
8690,44
8691,37
8692,35
8693,34
8694,37
8695,37
8696,36
8697,37
8698,35
8699,36
8700,35
8701,34
8702,36
8703,32
8704,33
8705,37
8706,33
8707,33
8708,41
8709,36
8710,37
8711,34
8712,36
8713,35
8714,34
8715,31
8716,34
8717,31
8718,31
8719,30
8720,33
8721,31
8722,32
8723,31
8724,30
8725,32
8726,29
8727,34
8728,31
8729,31
8730,31
8731,35
8732,30
8733,32
8734,34
8735,30
8736,55
8737,32
8738,30
8739,33
8740,31
8741,28
8742,61
8743,61
8744,58
8745,58
8746,60
8747,46
8748,51
8749,49
8750,51
8751,47
8752,49
8753,51
8754,50
8755,49
8756,49
8757,53
8758,48
8759,51
8760,40
8761,41
8762,46
8763,48
8764,50
8765,51
8766,46
8767,48
8768,49
8769,48
8770,48
8771,48
8772,49
8773,46
8774,47
8775,51
8776,51
8777,45
8778,54
8779,52
8780,50
8781,49
8782,48
8783,48
8784,47
8785,45
8786,30
8787,29
8788,26
8789,29
8790,21
8791,51
8792,55
8793,51
8794,54
8795,51
8796,54
8797,54
8798,51
8799,26
8800,56
8801,50
8802,54
8803,55
8804,55
8805,31
8806,55
8807,54
8808,57
8809,33
8810,56
8811,57
8812,56
8813,57
8814,53
8815,55
8816,30
8817,27
8818,28
8819,32
8820,28
8821,28
8822,29
8823,27
8824,34
8825,28
8826,28
8827,31
8828,30
8829,51
8830,53
8831,52
8832,55
8833,53
8834,58
8835,53
8836,53
8837,27
8838,30
8839,32
8840,30
8841,35
8842,28
8843,27
8844,48
8845,30
8846,28
8847,33
8848,27
8849,36
8850,27
8851,27
8852,30
8853,29
8854,24
8855,29
8856,28
8857,27
8858,29
8859,28
8860,26
8861,23
8862,26
8863,28
8864,36
8865,35
8866,38
8867,40
8868,36
8869,27
8870,28
8871,32
8872,26
8873,28
8874,27
8875,28
8876,28
8877,30
8878,33
8879,29
8880,58
8881,43
8882,56
8883,56
8884,27
8885,51
8886,31
8887,28
8888,39
8889,48
8890,61
8891,39
8892,23
8893,27
8894,28
8895,48
8896,51
8897,49
8898,50
8899,52
8900,49
8901,50
8902,51
8903,51
8904,52
8905,51
8906,35
8907,35
8908,45
8909,28
8910,40
8911,38
8912,37
8913,36
8914,50
8915,62
8916,52
8917,50
8918,48
8919,47
8920,20
8921,35
8922,34
8923,45
8924,46
8925,52
8926,51
8927,46
8928,51
8929,26
8930,28
8931,30
8932,47
8933,25
8934,26
8935,24
8936,25
8937,36
8938,38
8939,37
8940,37
8941,42
8942,41
8943,29
8944,23
8945,35
8946,50
8947,48
8948,49
8949,54
8950,47
8951,48
8952,29
8953,24
8954,28
8955,26
8956,32
8957,24
8958,32
8959,24
8960,28
8961,26
8962,21
8963,27
8964,21
8965,39
8966,33
8967,36
8968,44
8969,38
8970,36
8971,34
8972,41
8973,54
8974,47
8975,48
8976,52
8977,59
8978,42
8979,43
8980,54
8981,55
8982,48
8983,46
8984,53
8985,55
8986,51
8987,55
8988,50
8989,47
8990,47
8991,49
8992,50
8993,54
8994,13
8995,11
